{"authorDailyContributionsMap":{"xenosf":[],"sopa301":[],"mingyuanc":[],"jingting1412":[],"KevinEyo1":[],"LamJiuFong":[],"yiwen101":[],"jonasongg":[],"domoberzin":[],"asdfghjkxd":[],"yuanxi1":[],"supermii2":[],"marquestye":[],"nknguyenhc":[{"date":"2024-01-25","commitResults":[{"hash":"b20b3ef240a8c4fe32f4e016da21d89dd173b6de","isMergeCommit":false,"messageTitle":"Fix broken duplicate link (#1233)","messageBody":"Fix the broken link of a duplicate issue\r\n\r\nCurrently, the user cannot open the link to a duplicate issue\r\nwhen opening an issue, as described in CATcher-org/CATcher#1228.\r\n\r\nThe links now work as expected.","fileTypesAndContributionMap":{"html":{"insertions":1,"deletions":1}}}]},{"date":"2024-02-08","commitResults":[{"hash":"2c18b71969540c87e89050689e7bfd9b30654677","isMergeCommit":false,"messageTitle":"Set default branch to `main`","messageBody":"Previously, image uploads depend on the user\u0027s default branch.\r\nNow, we set the branch for image upload to be `main`. Images will \r\nbe uploaded to `main` as a result.\r\n\r\n---------\r\n\r\nCo-authored-by: Chee Hong \u003cc.h.wong2606@gmail.com\u003e","fileTypesAndContributionMap":{"ts":{"insertions":100,"deletions":2}}}]},{"date":"2024-02-12","commitResults":[{"hash":"a9d38dd71eb2ef0ad5cf3e750471437f6c8d8eb4","isMergeCommit":false,"messageTitle":"Preserve linebreaks (#1241)","messageBody":"With preserving linebreaks, subset list items are rendered as a list,\r\nand paragraph rendering is the same as Github.","fileTypesAndContributionMap":{"ts":{"insertions":1,"deletions":1}}}]}],"Arif-Khalid":[{"date":"2024-02-19","commitResults":[{"hash":"a1b500006959f1b45210fdacb3e4117d25ac2092","isMergeCommit":false,"messageTitle":"Faulty list view when back navigating (#1243)","messageBody":"Issue table settings such as page index are not \r\nsaved when table is re-mounted.\r\n\r\nThis behavior inconveniences users as their settings \r\nare reset everytime they navigate to a specific issue and back.\r\n\r\nLet\u0027s lift up the table settings of each mounted table to \r\na service which the tables pull from when mounted.","fileTypesAndContributionMap":{"html":{"insertions":15,"deletions":2},"ts":{"insertions":57,"deletions":3}}}]}],"NereusWB922":[{"date":"2024-02-03","commitResults":[{"hash":"d4b5422a2a0c83a73956032f3791dd6835a25090","isMergeCommit":false,"messageTitle":"Fix uncaught errors when attempting to access an invalid route","messageBody":"There is an uncaught error when the users click on an invalid internal link in Markdown or enter an invalid link in browser.\r\n\r\nInternal links are unlikely to be used for bug reporting and are more likely to be invalid.\r\n\r\nLet\u0027s show an error toaster and stop the navigation when clicking on an internal link in Markdown. Also, redirect the users to the login page if the users enter invalid link in browser.","fileTypesAndContributionMap":{"html":{"insertions":11,"deletions":11},"ts":{"insertions":37,"deletions":2}}}]}],"dishenggg":[],"MadLamprey":[{"date":"2024-01-25","commitResults":[{"hash":"fe7be44f9ae19c5caabb0506cb631743b9e84bb9","isMergeCommit":false,"messageTitle":"Add whitespace validation (#1237)","messageBody":"* Add whitespace validation\r\n\r\n* Update whitespace validation for new issue\r\n\r\n* Update whitespace validation for title of new issues\r\n\r\n* Update whitespace validation for title of new issues\r\n\r\n* Move validators into core\r\n\r\n* Update import order\r\n\r\n---------\r\n\r\nCo-authored-by: Misra Aditya \u003ce1096355@u.nus.edu\u003e","fileTypesAndContributionMap":{"html":{"insertions":1,"deletions":0},"ts":{"insertions":13,"deletions":1}}}]}],"Tim-Siu":[]},"authorFileTypeContributionMap":{"xenosf":{"js":0,"css":0,"html":0,"ts":0},"sopa301":{"js":0,"css":0,"html":0,"ts":0},"mingyuanc":{"js":0,"css":0,"html":0,"ts":0},"jingting1412":{"js":0,"css":0,"html":0,"ts":0},"KevinEyo1":{"js":0,"css":0,"html":0,"ts":0},"LamJiuFong":{"js":0,"css":0,"html":0,"ts":0},"yiwen101":{"js":0,"css":0,"html":0,"ts":0},"jonasongg":{"js":0,"css":0,"html":0,"ts":0},"domoberzin":{"js":0,"css":0,"html":0,"ts":0},"asdfghjkxd":{"js":0,"css":0,"html":0,"ts":0},"yuanxi1":{"js":0,"css":0,"html":0,"ts":0},"supermii2":{"js":0,"css":0,"html":0,"ts":0},"marquestye":{"js":0,"css":0,"html":0,"ts":0},"nknguyenhc":{"js":0,"css":0,"html":1,"ts":101},"Arif-Khalid":{"js":0,"css":0,"html":15,"ts":57},"NereusWB922":{"js":0,"css":0,"html":11,"ts":37},"dishenggg":{"js":0,"css":0,"html":0,"ts":0},"MadLamprey":{"js":0,"css":0,"html":1,"ts":13},"Tim-Siu":{"js":0,"css":0,"html":0,"ts":0}},"authorContributionVariance":{"xenosf":0.0,"sopa301":0.0,"mingyuanc":0.0,"jingting1412":0.0,"KevinEyo1":0.0,"LamJiuFong":0.0,"yiwen101":0.0,"jonasongg":0.0,"domoberzin":0.0,"asdfghjkxd":0.0,"yuanxi1":0.0,"supermii2":0.0,"marquestye":0.0,"nknguyenhc":126.8307,"Arif-Khalid":72.29386,"NereusWB922":45.37113,"dishenggg":0.0,"MadLamprey":2.7434819,"Tim-Siu":0.0},"authorDisplayNameMap":{"xenosf":"XENO..NONG","sopa301":"POON..RYAN","mingyuanc":"CHIN..YUAN","jingting1412":"WANG..TING","KevinEyo1":"EYO ..EVIN","LamJiuFong":"LAM ..FONG","yiwen101":"WANG..IWEN","jonasongg":"JONA.. WEI","domoberzin":"DOMI.. GIN","asdfghjkxd":"GEOR.. YAO","yuanxi1":"ZHU ..ANXI","supermii2":"ALVI..S NG","marquestye":"TYE ..QUES","nknguyenhc":"NGUY..UYEN","Arif-Khalid":"ARIF..ALID","NereusWB922":"NERE.. BIN","dishenggg":"YEO ..HENG","MadLamprey":"MISR..ITYA","Tim-Siu":"XU S..UYAO"}}
