{"authorDailyContributionsMap":{"xenosf":[],"sopa301":[],"mingyuanc":[],"jingting1412":[],"KevinEyo1":[],"LamJiuFong":[],"yiwen101":[],"jonasongg":[],"domoberzin":[],"asdfghjkxd":[],"yuanxi1":[],"supermii2":[],"marquestye":[],"nknguyenhc":[],"Arif-Khalid":[],"NereusWB922":[],"dishenggg":[],"MadLamprey":[],"Tim-Siu":[]},"authorFileTypeContributionMap":{"xenosf":{"java":0,"js":0,"css":0,"adoc":0,"fxml":0,"gradle":0},"sopa301":{"java":0,"js":0,"css":0,"adoc":0,"fxml":0,"gradle":0},"mingyuanc":{"java":0,"js":0,"css":0,"adoc":0,"fxml":0,"gradle":0},"jingting1412":{"java":0,"js":0,"css":0,"adoc":0,"fxml":0,"gradle":0},"KevinEyo1":{"java":0,"js":0,"css":0,"adoc":0,"fxml":0,"gradle":0},"LamJiuFong":{"java":0,"js":0,"css":0,"adoc":0,"fxml":0,"gradle":0},"yiwen101":{"java":0,"js":0,"css":0,"adoc":0,"fxml":0,"gradle":0},"jonasongg":{"java":0,"js":0,"css":0,"adoc":0,"fxml":0,"gradle":0},"domoberzin":{"java":0,"js":0,"css":0,"adoc":0,"fxml":0,"gradle":0},"asdfghjkxd":{"java":0,"js":0,"css":0,"adoc":0,"fxml":0,"gradle":0},"yuanxi1":{"java":0,"js":0,"css":0,"adoc":0,"fxml":0,"gradle":0},"supermii2":{"java":0,"js":0,"css":0,"adoc":0,"fxml":0,"gradle":0},"marquestye":{"java":0,"js":0,"css":0,"adoc":0,"fxml":0,"gradle":0},"nknguyenhc":{"java":0,"js":0,"css":0,"adoc":0,"fxml":0,"gradle":0},"Arif-Khalid":{"java":0,"js":0,"css":0,"adoc":0,"fxml":0,"gradle":0},"NereusWB922":{"java":0,"js":0,"css":0,"adoc":0,"fxml":0,"gradle":0},"dishenggg":{"java":0,"js":0,"css":0,"adoc":0,"fxml":0,"gradle":0},"MadLamprey":{"java":0,"js":0,"css":0,"adoc":0,"fxml":0,"gradle":0},"Tim-Siu":{"java":0,"js":0,"css":0,"adoc":0,"fxml":0,"gradle":0}},"authorContributionVariance":{"xenosf":0.0,"sopa301":0.0,"mingyuanc":0.0,"jingting1412":0.0,"KevinEyo1":0.0,"LamJiuFong":0.0,"yiwen101":0.0,"jonasongg":0.0,"domoberzin":0.0,"asdfghjkxd":0.0,"yuanxi1":0.0,"supermii2":0.0,"marquestye":0.0,"nknguyenhc":0.0,"Arif-Khalid":0.0,"NereusWB922":0.0,"dishenggg":0.0,"MadLamprey":0.0,"Tim-Siu":0.0},"authorDisplayNameMap":{"xenosf":"XENO..NONG","sopa301":"POON..RYAN","mingyuanc":"CHIN..YUAN","jingting1412":"WANG..TING","KevinEyo1":"EYO ..EVIN","LamJiuFong":"LAM ..FONG","yiwen101":"WANG..IWEN","jonasongg":"JONA.. WEI","domoberzin":"DOMI.. GIN","asdfghjkxd":"GEOR.. YAO","yuanxi1":"ZHU ..ANXI","supermii2":"ALVI..S NG","marquestye":"TYE ..QUES","nknguyenhc":"NGUY..UYEN","Arif-Khalid":"ARIF..ALID","NereusWB922":"NERE.. BIN","dishenggg":"YEO ..HENG","MadLamprey":"MISR..ITYA","Tim-Siu":"XU S..UYAO"}}
