{"authorDailyContributionsMap":{"xenosf":[],"sopa301":[{"date":"2024-01-31","commitResults":[{"hash":"19f9e6847b503b0f9028effd37b2cfab87b72af1","isMergeCommit":false,"messageTitle":"[#1980] Standardise Array Style for Frontend Files (#2084)","messageBody":"Array\u003cT\u003e and T[] can be used interchangeably in TypeScript. We can use\r\nthe same style consistently across the codebase to make it easier for\r\ndevelopers to read and understand array types.\r\n\r\nIn Vue, using T[] in defineComponent requires casting in the form of\r\n\"Array as PropType\u003cT[]\u003e\", while Array\u003cT\u003e can be used as is. Therefore,\r\nit would be more consistent to use Array\u003cT\u003e for .vue files.\r\nAdditionally, such a rule can be enforced more easily with eslint.\r\n\r\nLet\u0027s include a rule for eslint to check array usage and change the\r\ncode to follow this rule.","fileTypesAndContributionMap":{"json":{"insertions":20,"deletions":1}}},{"hash":"f5855fa68b3e23a0fed0c2e7cc94cc6401d175e3","isMergeCommit":false,"messageTitle":"[#1224] Update .stylelintrc.json to check for spacing (#2094)","messageBody":"With no current plans to update stylelint to v15 or beyond, we can\r\nstill use the current features to enforce consistent spacing in our\r\nscss files. This will make the coding style more consistent throughout\r\nthe codebase.\r\n\r\nLet\u0027s update the rules in .stylelintrc.json to enforce spacing.","fileTypesAndContributionMap":{"json":{"insertions":3,"deletions":1}}}]}],"mingyuanc":[],"jingting1412":[],"KevinEyo1":[],"LamJiuFong":[],"yiwen101":[],"jonasongg":[{"date":"2024-01-31","commitResults":[{"hash":"0f682a0c319cde9aefe268deb97e97816c1b387a","isMergeCommit":false,"messageTitle":"[#2016] Remove hash symbol from URL when decoding hash (#2086)","messageBody":"Fix bug where some params were not retained after refresh\r\n\r\nThe issue pertains to breakdown of file types disappearing after a\r\nrefresh, but it seems to apply to all params that were last in the URL\r\ndue to symbols not being filtered out correctly.\r\n\r\nLet\u0027s fix this issue to make sure the state of the report stays the\r\nsame when refreshing.","fileTypesAndContributionMap":{"js":{"insertions":156,"deletions":0}}}]},{"date":"2024-02-17","commitResults":[{"hash":"9ff7a96c6afd5b8837da8ee1ba44b263670ae391","isMergeCommit":false,"messageTitle":"[#2111] Fix failing zoomFeature cypress test (#2114)","messageBody":"Fix nondeterministically failing zoomFeature cypress test\r\n\r\nThe \"range changes in chartview should reflect in zoom\" test in\r\nchartView_zoomFeature.cy.js fails because as time passes, the\r\ncoordinates in the ramp that correspond to the desired zoom area\r\nchange.\r\n\r\nLet\u0027s add an \"until\" filter to the relevant cypress tests to stop this\r\nfrom happening","fileTypesAndContributionMap":{"js":{"insertions":11,"deletions":0}}}]}],"domoberzin":[],"asdfghjkxd":[{"date":"2024-01-18","commitResults":[{"hash":"4ef7210a06fbd6b979a648f8bdce967717a6512c","isMergeCommit":false,"messageTitle":"[#2073] Refactor `RepoConfigCsvParser::processLine` method to avoid arrowhead style code (#2080)","messageBody":"The current implementation of `RepoConfigCsvParser::processLine`\r\ncontains code that has 3 levels of indentation, making it \r\ndifficult to read and maintain.\r\n\r\nWith the proposed changes, the level of deep nesting has \r\nbeen reduced to 2 levels, making the code more \r\nreadable and maintainable.\r\n\r\nLet\u0027s move to refactor and clean up the code to avoid \r\narrowhead-style codes for better readability and \r\nmaintainability.","fileTypesAndContributionMap":{"java":{"insertions":9,"deletions":10}}}]},{"date":"2024-01-26","commitResults":[{"hash":"54ba5ecc417097134c83e7d9dc80b925598cb9ef","isMergeCommit":false,"messageTitle":"[#2091] Improve memory usage by refactoring Regex compilation (#2092)","messageBody":"Improve memory usage by refactoring Regex compilation\r\n\r\nCurrently, Regex checking is used in conjunction with iteration. This\r\npattern of coding is frowned upon due to the excessive Regex pattern\r\ncompilation, causing the program to run slower and consume more\r\nmemory.\r\n\r\nBy moving the Regex pattern compilation outside of the iteration, and\r\nby using `Matcher` objects to check if the strings match the Regex\r\nperformance, we can potentially remove this performance bottleneck.\r\n\r\nLet\u0027s move to refactor the code and remove such instances of Regex use\r\nin iterative loops.","fileTypesAndContributionMap":{"java":{"insertions":11,"deletions":4}}}]},{"date":"2024-01-31","commitResults":[{"hash":"7977382dfeb3f8559ebb85028a510c8bbc23b58e","isMergeCommit":false,"messageTitle":"[#1958] Use syntax coloring for code blocks in docs (#2099)","messageBody":"Current code blocks do not use the built-in syntax highlighting\r\nfeature offered by Markbind/Markdown.\r\n\r\nThis impedes the readability of the code within the code blocks.\r\n\r\nLet\u0027s update the code blocks in the documentation to enable\r\nsyntax highlighting to further enhance readability of the documentation\r\nand the code.","fileTypesAndContributionMap":{"md":{"insertions":26,"deletions":26}}}]},{"date":"2024-02-06","commitResults":[{"hash":"30ef45089c9d959c3d667519f56197b01690d38b","isMergeCommit":false,"messageTitle":"[#1878] Update `SystemTestUtil::assertJson` to compare Json objects instead of line-by-line analysis (#2087)","messageBody":"`SystemTestUtil::assertJson` currently checks if two JSON files are\r\nequal by comparing the file contents line by line rather than by\r\nconverting the files directly into JSON objects, which can then be\r\ndirectly compared using the built-in `equals` methods for\r\n`JsonElement`.\r\n\r\nThis process also does not automatically check if the file is indeed a\r\nJSON file, and implicitly assumes that the input paths are paths to\r\nJSON files. This may cause expected behaviours if a user accidentally\r\nor intentionally includes a path to a non-JSON file within the method\r\ncalls.\r\n\r\nLet\u0027s move to refactor the code, and utilise the built-in methods for\r\n`JsonElement` objects to check for the equality of JSON objects.","fileTypesAndContributionMap":{"java":{"insertions":11,"deletions":4}}}]},{"date":"2024-02-07","commitResults":[{"hash":"29903e31243225f4f4c3c4ad523f2298d2b8e70d","isMergeCommit":false,"messageTitle":"[#2103] Refactor `parser` package for greater organisation of classes (#2104)","messageBody":"Classes in the `parser` package as of now are not properly organised,\r\nwith exceptions, types and parser classes being found in the same\r\ndirectory level.\r\n\r\nThis does not follow the convention established by other packages,\r\nwhereby logically similar classes are further grouped into\r\nsub-packages.\r\n\r\nLet\u0027s move to refactor the `parser` package to ensure that it follows\r\nthe overall structure of the other packages and to increase the level\r\nof organisation within the `parser` package.","fileTypesAndContributionMap":{"java":{"insertions":62,"deletions":32}}}]},{"date":"2024-02-17","commitResults":[{"hash":"d2018d246e74fa04ae70d2f1f0f16c9e8e29e187","isMergeCommit":false,"messageTitle":"[#2076] Refactor RepoConfiguration to simplify constructor complexity (#2078)","messageBody":"Refactor RepoConfiguration to simplify constructor complexity.\r\n\r\nCurrently, the constructors for the `RepoConfiguration` class is \r\nvery complex, involving up to 18 parameters at once, and is \r\nnot easily extensible.\r\n\r\nWith the proposed changes, the constructor now follows the \r\nBuilder pattern, by using a nested class `Builder` that \r\nhelps to compose config parameters in a way that is much more \r\nmodular and comprehensible, enhancing code quality and \r\nreducing confusion among developers.\r\n\r\nHowever, it must be noted that `Builder` objects are not reusable as of\r\nnow, and that more combinations of arguments are permitted due to the\r\nremoval of constructors for `RepoBuilder`, which previously helped to\r\nensure the correctness of parameter combinations.\r\n\r\nLet\u0027s refactor `RepoConfiguration` to simplify the \r\ncomplexity of the constructor and increase modularity \r\nof the code.","fileTypesAndContributionMap":{"java":{"insertions":734,"deletions":158}}}]}],"yuanxi1":[],"supermii2":[{"date":"2024-01-26","commitResults":[{"hash":"3cd680c3ddfa5a96f9168d3ab411d0cccfc3c52f","isMergeCommit":false,"messageTitle":"[#2082] Fix typo in command in Setting Up page (#2083)","messageBody":"Fix typo in Setting Up page\r\n\r\nThe command given in the developer guide for checking the local Node.js\r\nversion is `npm -v`, which displays the version of npm instead.\r\n\r\nLet\u0027s replace the command with `node -v`, which correctly displays the\r\nNode.js version.","fileTypesAndContributionMap":{"md":{"insertions":1,"deletions":1}}}]},{"date":"2024-02-11","commitResults":[{"hash":"945405a6c5786c72e11b23da7c452bb9568b03b6","isMergeCommit":false,"messageTitle":"[#1933] Fix broken DevOps Guide link in Learning Basics (#2107)","messageBody":"Fix broken link to DevOps Guide in Learning Basics page.\r\n\r\nUnder the DevOps section in the developer guide,\r\nthe link to DevOps guide leads a Wiki link instead of redirecting to\r\nthe DevOps guide on the actual Reposense website.\r\n\r\nLet\u0027s fix the broken link by changing the address to the correct page.","fileTypesAndContributionMap":{"md":{"insertions":1,"deletions":1}}}]}],"marquestye":[],"nknguyenhc":[],"Arif-Khalid":[],"NereusWB922":[],"dishenggg":[],"MadLamprey":[],"Tim-Siu":[]},"authorFileTypeContributionMap":{"xenosf":{"java":0,"js":0,"scss":0,"json":0,"md":0,"py":0,"pug":0,"gradle":0,"sh":0,"yml":0},"sopa301":{"java":0,"js":0,"scss":0,"json":23,"md":0,"py":0,"pug":0,"gradle":0,"sh":0,"yml":0},"mingyuanc":{"java":0,"js":0,"scss":0,"json":0,"md":0,"py":0,"pug":0,"gradle":0,"sh":0,"yml":0},"jingting1412":{"java":0,"js":0,"scss":0,"json":0,"md":0,"py":0,"pug":0,"gradle":0,"sh":0,"yml":0},"KevinEyo1":{"java":0,"js":0,"scss":0,"json":0,"md":0,"py":0,"pug":0,"gradle":0,"sh":0,"yml":0},"LamJiuFong":{"java":0,"js":0,"scss":0,"json":0,"md":0,"py":0,"pug":0,"gradle":0,"sh":0,"yml":0},"yiwen101":{"java":0,"js":0,"scss":0,"json":0,"md":0,"py":0,"pug":0,"gradle":0,"sh":0,"yml":0},"jonasongg":{"java":0,"js":167,"scss":0,"json":0,"md":0,"py":0,"pug":0,"gradle":0,"sh":0,"yml":0},"domoberzin":{"java":0,"js":0,"scss":0,"json":0,"md":0,"py":0,"pug":0,"gradle":0,"sh":0,"yml":0},"asdfghjkxd":{"java":817,"js":0,"scss":0,"json":0,"md":26,"py":0,"pug":0,"gradle":0,"sh":0,"yml":0},"yuanxi1":{"java":0,"js":0,"scss":0,"json":0,"md":0,"py":0,"pug":0,"gradle":0,"sh":0,"yml":0},"supermii2":{"java":0,"js":0,"scss":0,"json":0,"md":2,"py":0,"pug":0,"gradle":0,"sh":0,"yml":0},"marquestye":{"java":0,"js":0,"scss":0,"json":0,"md":0,"py":0,"pug":0,"gradle":0,"sh":0,"yml":0},"nknguyenhc":{"java":0,"js":0,"scss":0,"json":0,"md":0,"py":0,"pug":0,"gradle":0,"sh":0,"yml":0},"Arif-Khalid":{"java":0,"js":0,"scss":0,"json":0,"md":0,"py":0,"pug":0,"gradle":0,"sh":0,"yml":0},"NereusWB922":{"java":0,"js":0,"scss":0,"json":0,"md":0,"py":0,"pug":0,"gradle":0,"sh":0,"yml":0},"dishenggg":{"java":0,"js":0,"scss":0,"json":0,"md":0,"py":0,"pug":0,"gradle":0,"sh":0,"yml":0},"MadLamprey":{"java":0,"js":0,"scss":0,"json":0,"md":0,"py":0,"pug":0,"gradle":0,"sh":0,"yml":0},"Tim-Siu":{"java":0,"js":0,"scss":0,"json":0,"md":0,"py":0,"pug":0,"gradle":0,"sh":0,"yml":0}},"authorContributionVariance":{"xenosf":0.0,"sopa301":7.8112516,"mingyuanc":0.0,"jingting1412":0.0,"KevinEyo1":0.0,"LamJiuFong":0.0,"yiwen101":0.0,"jonasongg":305.11362,"domoberzin":0.0,"asdfghjkxd":10038.714,"yuanxi1":0.0,"supermii2":0.09870211,"marquestye":0.0,"nknguyenhc":0.0,"Arif-Khalid":0.0,"NereusWB922":0.0,"dishenggg":0.0,"MadLamprey":0.0,"Tim-Siu":0.0},"authorDisplayNameMap":{"xenosf":"XENO..NONG","sopa301":"POON..RYAN","mingyuanc":"CHIN..YUAN","jingting1412":"WANG..TING","KevinEyo1":"EYO ..EVIN","LamJiuFong":"LAM ..FONG","yiwen101":"WANG..IWEN","jonasongg":"JONA.. WEI","domoberzin":"DOMI.. GIN","asdfghjkxd":"GEOR.. YAO","yuanxi1":"ZHU ..ANXI","supermii2":"ALVI..S NG","marquestye":"TYE ..QUES","nknguyenhc":"NGUY..UYEN","Arif-Khalid":"ARIF..ALID","NereusWB922":"NERE.. BIN","dishenggg":"YEO ..HENG","MadLamprey":"MISR..ITYA","Tim-Siu":"XU S..UYAO"}}
