{"authorDailyContributionsMap":{"xenosf":[],"sopa301":[{"date":"2024-01-31","commitResults":[{"hash":"19f9e6847b503b0f9028effd37b2cfab87b72af1","isMergeCommit":false,"messageTitle":"[#1980] Standardise Array Style for Frontend Files (#2084)","messageBody":"Array\u003cT\u003e and T[] can be used interchangeably in TypeScript. We can use\r\nthe same style consistently across the codebase to make it easier for\r\ndevelopers to read and understand array types.\r\n\r\nIn Vue, using T[] in defineComponent requires casting in the form of\r\n\"Array as PropType\u003cT[]\u003e\", while Array\u003cT\u003e can be used as is. Therefore,\r\nit would be more consistent to use Array\u003cT\u003e for .vue files.\r\nAdditionally, such a rule can be enforced more easily with eslint.\r\n\r\nLet\u0027s include a rule for eslint to check array usage and change the\r\ncode to follow this rule.","fileTypesAndContributionMap":{"json":{"insertions":20,"deletions":1}}},{"hash":"f5855fa68b3e23a0fed0c2e7cc94cc6401d175e3","isMergeCommit":false,"messageTitle":"[#1224] Update .stylelintrc.json to check for spacing (#2094)","messageBody":"With no current plans to update stylelint to v15 or beyond, we can\r\nstill use the current features to enforce consistent spacing in our\r\nscss files. This will make the coding style more consistent throughout\r\nthe codebase.\r\n\r\nLet\u0027s update the rules in .stylelintrc.json to enforce spacing.","fileTypesAndContributionMap":{"json":{"insertions":3,"deletions":1}}}]},{"date":"2024-02-19","commitResults":[{"hash":"b103e286bca0d52b5b539b3ec4a9012ecef980bd","isMergeCommit":false,"messageTitle":"[#467] Add Title Component (#2102)","messageBody":"Implement Title Component\r\n\r\nWith a new focus on allowing users to use RepoSense as a portfolio\r\ntool, more functionality supporting this focus is needed.\r\n\r\nLet\u0027s allow users to add customizable content in Markdown/HTML format \r\nat the top of the report for a personalized introduction.","fileTypesAndContributionMap":{"java":{"insertions":1,"deletions":1},"scss":{"insertions":0,"deletions":1},"md":{"insertions":2,"deletions":1},"js":{"insertions":8,"deletions":0},"json":{"insertions":272,"deletions":233}}}]},{"date":"2024-03-19","commitResults":[{"hash":"bb977ea1f049a86c6c1090b5253a7e7e1543a5b6","isMergeCommit":false,"messageTitle":"[#1872] Update Node version to 18 (#2081)","messageBody":"Node.js 16 has reached its end-of-life on 11 September 2023.\r\n\r\nLet us update Node.js to use Node 18 in the GitHub workflows.","fileTypesAndContributionMap":{"md":{"insertions":1,"deletions":1},"yml":{"insertions":3,"deletions":3},"json":{"insertions":4057,"deletions":6609}}}]},{"date":"2024-03-28","commitResults":[{"hash":"f2be8a4765e0ee0e5fa1b336419ff2fc88c73ff3","isMergeCommit":false,"messageTitle":"[#2142] Fix Vulnerabilities (#2143)","messageBody":"Fix vulnerabilities in codebase.\r\n\r\nThere are existing vulnerabilities in the codebase.\r\n\r\nLet\u0027s fix as many as possible.","fileTypesAndContributionMap":{"json":{"insertions":603,"deletions":1163}}}]},{"date":"2024-04-02","commitResults":[{"hash":"c3cd12d91c439a5995ce5eba661ae2cded220721","isMergeCommit":false,"messageTitle":"[#2151] Update LoadingOverlay and Minor Versions of Node Dependencies (#2152)","messageBody":"Update LoadingOverlay and Minor Versions of Node Dependencies\r\n\r\nSome dependencies are not at their latest minor or patch releases.\r\n\r\nLet\u0027s update these dependencies, as well as LoadingOverlay as part of a\r\nbug fix.","fileTypesAndContributionMap":{"json":{"insertions":5526,"deletions":15213}}}]},{"date":"2024-04-18","commitResults":[{"hash":"eb138361cfe928eec29327cf63ac965911a94e29","isMergeCommit":false,"messageTitle":"[#2136] Add Tests for Segment CSS (#2137)","messageBody":"Write Tests for Code Highlighting for Segment\r\n\r\nA regression has occurred during refactoring of the Segment component.\r\nIt would be good to write tests to catch regressions if it happens\r\nagain for this component.\r\n\r\nLet\u0027s write tests to catch further regressions of the same nature.","fileTypesAndContributionMap":{"js":{"insertions":67,"deletions":0}}},{"hash":"0f21c65b04282e21ea600ab7906496b853c1a34a","isMergeCommit":false,"messageTitle":"[#2151] Update Stylelint (#2153)","messageBody":"Update Stylelint\r\n\r\nThe depreciated rules have been moved to a dedicated plugin. We can now\r\nupdate our Stylelint linter to the latest version.\r\n\r\nLet\u0027s do so, as well as update related dependencies.","fileTypesAndContributionMap":{"json":{"insertions":1048,"deletions":948}}},{"hash":"6ffb41c933fcf339f84c56b4b061be780056366f","isMergeCommit":false,"messageTitle":"[#2151] Update CSS-related Major Dependencies (#2154)","messageBody":"Update CSS-related Major Dependencies\r\n\r\nA few CSS-related dependencies have major updates available.\r\n\r\nLet\u0027s update as many as possible.","fileTypesAndContributionMap":{"json":{"insertions":120,"deletions":154}}}]},{"date":"2024-04-19","commitResults":[{"hash":"4cceaeaae77ae19042f9de5f446809d9cd7981c8","isMergeCommit":false,"messageTitle":"[#2158] Add More Documentation for Title Component (#2159)","messageBody":"Add More Documentation for Title Component\r\n\r\nThe documentation for the title component is sparse. Adding more\r\ndetails on how to use it will make it easier for users to add their own\r\ntitles to their reports.\r\n\r\nLet\u0027s update the documentation to include a section for the title\r\ncomponent, and add the title component to the default view.","fileTypesAndContributionMap":{"gradle":{"insertions":1,"deletions":0},"md":{"insertions":27,"deletions":2}}}]},{"date":"2024-04-27","commitResults":[{"hash":"553f3f28e5da2810551f92f25f929cd07dabaf6c","isMergeCommit":false,"messageTitle":"[#2184] Fix Inconsistent Line Number Colours (#2185)","messageBody":"Fix Inconsistent Line Number Colours\r\n\r\nA regression has occurred where the line numbers no longer have a\r\nconsistent grey color.\r\n\r\nLet\u0027s fix the bug and add a test to catch further regressions of the\r\nsame nature.","fileTypesAndContributionMap":{"js":{"insertions":25,"deletions":0}}}]},{"date":"2024-04-28","commitResults":[{"hash":"bf78bf2a11a4ba703403c75f442410ad56ecca98","isMergeCommit":false,"messageTitle":"[#2151] Update Typescript-related Major Dependencies (#2166)","messageBody":"Update Typescript-related Major Dependencies\r\n\r\nMany of our TypeScript-related dependencies are outdated.\r\n\r\nLet\u0027s update them.","fileTypesAndContributionMap":{"scss":{"insertions":1,"deletions":1},"json":{"insertions":617,"deletions":203}}}]},{"date":"2024-05-12","commitResults":[{"hash":"20526f424bbbd705f1abfa5c18db9a2b479e6bd4","isMergeCommit":false,"messageTitle":"[#2176] Move from Vue CLI to Vite (#2178)","messageBody":"Move from Vue CLI to Vite\r\n\r\nVue CLI has been put on maintenance mode and its dependencies have\r\nsecurity issues that have not been fixed for a while. Switching to Vite\r\nalso allows us to introduce Vitest for our unit testing.\r\n\r\nLet\u0027s install Vite and remove Vue CLI.","fileTypesAndContributionMap":{"md":{"insertions":7,"deletions":1},"json":{"insertions":4951,"deletions":12152},"js":{"insertions":1,"deletions":46}}}]},{"date":"2024-05-14","commitResults":[{"hash":"62f3d5420105afaae643e6e9a954d8d2c50444bc","isMergeCommit":false,"messageTitle":"[#2204] Remove unexpected title (#2206)","messageBody":"Remove unexpected title\r\n\r\nAdding a title.md to the public folder has caused the title feature to\r\nbecome opt-out instead of opt-in. This is not the intended way for the\r\ntitle feature to be used.\r\n\r\nLet\u0027s remove the title.md file.","fileTypesAndContributionMap":{"md":{"insertions":0,"deletions":3}}}]}],"mingyuanc":[],"jingting1412":[],"KevinEyo1":[],"LamJiuFong":[],"yiwen101":[],"jonasongg":[{"date":"2024-01-31","commitResults":[{"hash":"0f682a0c319cde9aefe268deb97e97816c1b387a","isMergeCommit":false,"messageTitle":"[#2016] Remove hash symbol from URL when decoding hash (#2086)","messageBody":"Fix bug where some params were not retained after refresh\r\n\r\nThe issue pertains to breakdown of file types disappearing after a\r\nrefresh, but it seems to apply to all params that were last in the URL\r\ndue to symbols not being filtered out correctly.\r\n\r\nLet\u0027s fix this issue to make sure the state of the report stays the\r\nsame when refreshing.","fileTypesAndContributionMap":{"js":{"insertions":156,"deletions":0}}}]},{"date":"2024-02-17","commitResults":[{"hash":"9ff7a96c6afd5b8837da8ee1ba44b263670ae391","isMergeCommit":false,"messageTitle":"[#2111] Fix failing zoomFeature cypress test (#2114)","messageBody":"Fix nondeterministically failing zoomFeature cypress test\r\n\r\nThe \"range changes in chartview should reflect in zoom\" test in\r\nchartView_zoomFeature.cy.js fails because as time passes, the\r\ncoordinates in the ramp that correspond to the desired zoom area\r\nchange.\r\n\r\nLet\u0027s add an \"until\" filter to the relevant cypress tests to stop this\r\nfrom happening","fileTypesAndContributionMap":{"js":{"insertions":11,"deletions":0}}}]},{"date":"2024-03-14","commitResults":[{"hash":"0b096478680447f72e439de78969c09cc8259623","isMergeCommit":false,"messageTitle":"[#2098] Add show more button for error messages (#2105)","messageBody":"Add show more button for error messages\r\n\r\nCurrently, if there are a lot of error messages, it can block the rest\r\nof the page to the point where users may think the report failed to\r\ngenerate at all.\r\n\r\nLet\u0027s hide extra messages automatically and add a show more button if \r\nthere are more to display the messages in full.","fileTypesAndContributionMap":{"js":{"insertions":92,"deletions":72}}}]},{"date":"2024-03-19","commitResults":[{"hash":"147f473e7e0f55c89f86aeb973006a876879d5bb","isMergeCommit":false,"messageTitle":"[#2109] Add search by tag functionality (#2116)","messageBody":"Add search by tag functionality\r\n\r\nIt can be useful to search author/repos by git tags.\r\n\r\nLet\u0027s add this functionality to make it easier to filter by tags.","fileTypesAndContributionMap":{"md":{"insertions":1,"deletions":0},"js":{"insertions":115,"deletions":4}}}]},{"date":"2024-04-02","commitResults":[{"hash":"b139a954a4367c6951f7924d85f57438b56f0298","isMergeCommit":false,"messageTitle":"[#2109] Add search by tag functionality (#2167)","messageBody":"Add search by tag functionality\r\n\r\nIt can be useful to search author/repos by git tags.\r\n\r\nLet\u0027s add this functionality to make it easier to filter by tags. This\r\ncommit also fixes a bug that existed in a previous version of the\r\nfeature which resulted in all users being shown to belong to same group.","fileTypesAndContributionMap":{"md":{"insertions":1,"deletions":0},"js":{"insertions":115,"deletions":4}}}]},{"date":"2024-04-18","commitResults":[{"hash":"f07af5a45d883cb629d4d0ef7e953cf8444619d3","isMergeCommit":false,"messageTitle":"[#2130] Add highlight and scroll to group (#2131)","messageBody":"Add highlight and scroll to group\r\n\r\nIt can be useful to have a way to send a RepoSense link that\r\nautomatically scrolls to and highlights the group that the sender\r\nthinks the recipient should pay attention to, saving them time to find\r\nthe repo in question.\r\n\r\nLet\u0027s add this functionality to add convenience when sending around\r\nRepoSense reports.","fileTypesAndContributionMap":{"js":{"insertions":62,"deletions":0}}}]},{"date":"2024-04-19","commitResults":[{"hash":"1e76355901cd5fca71a2999e2c8cdf68bdd0988c","isMergeCommit":false,"messageTitle":"Fix lint warnings (#2182)","messageBody":"Fix lint warnings\r\n\r\nCurrently, there are various lint warnings that appear when building.\r\n\r\nThis can cause confusion on what lint problem exactly is causing a\r\nbuild to fail. Let\u0027s fix them.","fileTypesAndContributionMap":{"md":{"insertions":4,"deletions":4}}},{"hash":"3c53d58c0458a42c58ce84231ea61f8f1cac6930","isMergeCommit":false,"messageTitle":"Add more repos to cypress tests (#2188)","messageBody":"Add more repos to Cypress tests\r\n\r\nCurrently, our Cypress config only tests with a single repo. This can\r\ncause our testing to be limited and cause certain bugs to go\r\nunnoticed.\r\n\r\nLet\u0027s add more repos so that our testing can be more extensive.","fileTypesAndContributionMap":{"js":{"insertions":20,"deletions":24}}}]},{"date":"2024-04-27","commitResults":[{"hash":"02c7198db1d90bba3eb1d071dd4f21bda64ae27d","isMergeCommit":false,"messageTitle":"[#2148] Show tags on the ramp chart (#2163)","messageBody":"It can be useful to view all the tags of each repo that appears on the\r\nramp chart. Though this information is visible if the repo is merged\r\nand the user click to see the breakdown of each commit, it can still be\r\nuseful to see this information upfront (for searching Ctrl+F perhaps).\r\nThis feature would be toggleable with a checkbox to reduce clutter.\r\n\r\nLet\u0027s add this functionality to add convenience when searching through\r\nRepoSense reports with tags.","fileTypesAndContributionMap":{"scss":{"insertions":21,"deletions":0},"md":{"insertions":1,"deletions":0},"js":{"insertions":94,"deletions":13}}}]},{"date":"2024-05-07","commitResults":[{"hash":"2457ebbeaa69befc824fa609a4e12f4c55bb4c88","isMergeCommit":false,"messageTitle":"Add optimise timeline feature (#2180)","messageBody":"Add optimise timeline feature\r\n\r\nCurrently, the ramps have a lot of empty space if the since and until\r\ndates are specified far apart. \r\n\r\nLet\u0027s add a checkbox that can eliminate this empty space for each ramp.\r\nThis is especially useful if RepoSense is to be used to set up a report\r\nof an individual\u0027s past OSS contributions.","fileTypesAndContributionMap":{"md":{"insertions":1,"deletions":0},"js":{"insertions":165,"deletions":0}}}]},{"date":"2024-05-12","commitResults":[{"hash":"4735dcf2a96b11fcd02023a12873f64657d2ca6e","isMergeCommit":false,"messageTitle":"[#2195] Add cypress tests for show tag when grouping by author and by none (#2197)","messageBody":"Add cypress tests for show tag when grouping by author and by none\r\n\r\nThere are no Cypress tests to test the behaviour of the show tag\r\nfeature when the report is grouped by author or grouped by none.\r\n\r\nLet\u0027s add a test for this to ensure the feature is working properly.","fileTypesAndContributionMap":{"js":{"insertions":96,"deletions":9}}}]}],"domoberzin":[],"asdfghjkxd":[{"date":"2024-01-18","commitResults":[{"hash":"4ef7210a06fbd6b979a648f8bdce967717a6512c","isMergeCommit":false,"messageTitle":"[#2073] Refactor `RepoConfigCsvParser::processLine` method to avoid arrowhead style code (#2080)","messageBody":"The current implementation of `RepoConfigCsvParser::processLine`\r\ncontains code that has 3 levels of indentation, making it \r\ndifficult to read and maintain.\r\n\r\nWith the proposed changes, the level of deep nesting has \r\nbeen reduced to 2 levels, making the code more \r\nreadable and maintainable.\r\n\r\nLet\u0027s move to refactor and clean up the code to avoid \r\narrowhead-style codes for better readability and \r\nmaintainability.","fileTypesAndContributionMap":{"java":{"insertions":9,"deletions":10}}}]},{"date":"2024-01-26","commitResults":[{"hash":"54ba5ecc417097134c83e7d9dc80b925598cb9ef","isMergeCommit":false,"messageTitle":"[#2091] Improve memory usage by refactoring Regex compilation (#2092)","messageBody":"Improve memory usage by refactoring Regex compilation\r\n\r\nCurrently, Regex checking is used in conjunction with iteration. This\r\npattern of coding is frowned upon due to the excessive Regex pattern\r\ncompilation, causing the program to run slower and consume more\r\nmemory.\r\n\r\nBy moving the Regex pattern compilation outside of the iteration, and\r\nby using `Matcher` objects to check if the strings match the Regex\r\nperformance, we can potentially remove this performance bottleneck.\r\n\r\nLet\u0027s move to refactor the code and remove such instances of Regex use\r\nin iterative loops.","fileTypesAndContributionMap":{"java":{"insertions":11,"deletions":4}}}]},{"date":"2024-01-31","commitResults":[{"hash":"7977382dfeb3f8559ebb85028a510c8bbc23b58e","isMergeCommit":false,"messageTitle":"[#1958] Use syntax coloring for code blocks in docs (#2099)","messageBody":"Current code blocks do not use the built-in syntax highlighting\r\nfeature offered by Markbind/Markdown.\r\n\r\nThis impedes the readability of the code within the code blocks.\r\n\r\nLet\u0027s update the code blocks in the documentation to enable\r\nsyntax highlighting to further enhance readability of the documentation\r\nand the code.","fileTypesAndContributionMap":{"md":{"insertions":26,"deletions":26}}}]},{"date":"2024-02-06","commitResults":[{"hash":"30ef45089c9d959c3d667519f56197b01690d38b","isMergeCommit":false,"messageTitle":"[#1878] Update `SystemTestUtil::assertJson` to compare Json objects instead of line-by-line analysis (#2087)","messageBody":"`SystemTestUtil::assertJson` currently checks if two JSON files are\r\nequal by comparing the file contents line by line rather than by\r\nconverting the files directly into JSON objects, which can then be\r\ndirectly compared using the built-in `equals` methods for\r\n`JsonElement`.\r\n\r\nThis process also does not automatically check if the file is indeed a\r\nJSON file, and implicitly assumes that the input paths are paths to\r\nJSON files. This may cause expected behaviours if a user accidentally\r\nor intentionally includes a path to a non-JSON file within the method\r\ncalls.\r\n\r\nLet\u0027s move to refactor the code, and utilise the built-in methods for\r\n`JsonElement` objects to check for the equality of JSON objects.","fileTypesAndContributionMap":{"java":{"insertions":11,"deletions":4}}}]},{"date":"2024-02-07","commitResults":[{"hash":"29903e31243225f4f4c3c4ad523f2298d2b8e70d","isMergeCommit":false,"messageTitle":"[#2103] Refactor `parser` package for greater organisation of classes (#2104)","messageBody":"Classes in the `parser` package as of now are not properly organised,\r\nwith exceptions, types and parser classes being found in the same\r\ndirectory level.\r\n\r\nThis does not follow the convention established by other packages,\r\nwhereby logically similar classes are further grouped into\r\nsub-packages.\r\n\r\nLet\u0027s move to refactor the `parser` package to ensure that it follows\r\nthe overall structure of the other packages and to increase the level\r\nof organisation within the `parser` package.","fileTypesAndContributionMap":{"java":{"insertions":62,"deletions":32}}}]},{"date":"2024-02-17","commitResults":[{"hash":"d2018d246e74fa04ae70d2f1f0f16c9e8e29e187","isMergeCommit":false,"messageTitle":"[#2076] Refactor RepoConfiguration to simplify constructor complexity (#2078)","messageBody":"Refactor RepoConfiguration to simplify constructor complexity.\r\n\r\nCurrently, the constructors for the `RepoConfiguration` class is \r\nvery complex, involving up to 18 parameters at once, and is \r\nnot easily extensible.\r\n\r\nWith the proposed changes, the constructor now follows the \r\nBuilder pattern, by using a nested class `Builder` that \r\nhelps to compose config parameters in a way that is much more \r\nmodular and comprehensible, enhancing code quality and \r\nreducing confusion among developers.\r\n\r\nHowever, it must be noted that `Builder` objects are not reusable as of\r\nnow, and that more combinations of arguments are permitted due to the\r\nremoval of constructors for `RepoBuilder`, which previously helped to\r\nensure the correctness of parameter combinations.\r\n\r\nLet\u0027s refactor `RepoConfiguration` to simplify the \r\ncomplexity of the constructor and increase modularity \r\nof the code.","fileTypesAndContributionMap":{"java":{"insertions":734,"deletions":158}}}]},{"date":"2024-03-02","commitResults":[{"hash":"bbb2f694a74d0dc1dea9084ad47b25bcd0bb42cb","isMergeCommit":false,"messageTitle":"[#2117] Refactor `CliArguments` to conform to `RepoConfiguration`\u0027s Builder Pattern (#2118)","messageBody":"Current implementation of the Builder pattern within `CliArguments`\r\ndoes not conform that in `RepoConfiguration`.\r\n\r\nLet\u0027s move to refactor `CliArguments` to reduce class attribute\r\nduplication across `CliArguments` and `CliArguments::Builder` and to\r\nenhance overall code quality.","fileTypesAndContributionMap":{"java":{"insertions":56,"deletions":101}}}]},{"date":"2024-03-26","commitResults":[{"hash":"3140c31c8d132aada99d917b789665cc3328cf0d","isMergeCommit":false,"messageTitle":"[#2091] Minor Enhancements to Existing Regex Code (#2115)","messageBody":"* Enhance existing Regex code\r\n\r\n* Consolidate typical Regex patterns\r\n\r\n---------\r\n\r\nCo-authored-by: Charisma Kausar \u003c68203159+ckcherry23@users.noreply.github.com\u003e\r\nCo-authored-by: Gokul Rajiv \u003c34594184+gok99@users.noreply.github.com\u003e\r\nCo-authored-by: Marcus Tang \u003c50147457+MarcusTXK@users.noreply.github.com\u003e","fileTypesAndContributionMap":{"java":{"insertions":48,"deletions":28}}}]},{"date":"2024-03-28","commitResults":[{"hash":"a733531b0bc7ecc0bb40f40b0f4de7db503e9057","isMergeCommit":false,"messageTitle":"[#2120] Update RepoSense contributors in documentation (#2138)","messageBody":"The current About page on the RepoSense docs does not reflect the\r\nupdated list of developers working on RepoSense.\r\n\r\nLet\u0027s move to update the list to more accurately reference the current\r\ndevelopers of RepoSense.","fileTypesAndContributionMap":{"md":{"insertions":69,"deletions":19}}}]},{"date":"2024-04-15","commitResults":[{"hash":"54d002806b9a2c564ebfaf49fab09f762d0d8aab","isMergeCommit":false,"messageTitle":"Allow CI to pass if Codecov fails (#2189)","messageBody":"CI is failing when Codecov is failing.\r\n\r\nThis is a temporary workaround for CI until issues with Codecov are\r\nfixed.","fileTypesAndContributionMap":{"yml":{"insertions":1,"deletions":1}}}]},{"date":"2024-04-27","commitResults":[{"hash":"a25630e5fd55fe585b69368f647bd04e3f49f981","isMergeCommit":false,"messageTitle":"[#2177] Migrate to Java 11 Syntax and Features (#2183)","messageBody":"* Migrate CI/CD to Java 11\r\n\r\n* Update Docs to reflect Java 11\r\n\r\n* Update CI JDK version\r\n\r\n* Update checkstyle tool\r\n\r\n* Revert \"Update CI JDK version\"\r\n\r\nThe updating of the Checkstyle tool will be deferred\r\nto another PR to avoid causing dependency issues\r\narising from backwards compatibility.\r\n\r\n* Reapply \"Update CI JDK version\"\r\n\r\nReapplying revert action as it was reverted on\r\nthe wrong commit.\r\n\r\n* Revert \"Update checkstyle tool\"\r\n\r\nThe updating of the Checkstyle tool will be deferred\r\nto another PR to avoid causing dependency issues\r\narising from backwards compatibility.\r\n\r\n* Remove deprecated flags\r\n\r\n---------\r\n\r\nCo-authored-by: Ryan Poon \u003c96387349+sopa301@users.noreply.github.com\u003e","fileTypesAndContributionMap":{"gradle":{"insertions":2,"deletions":4},"md":{"insertions":8,"deletions":8},"yml":{"insertions":4,"deletions":4}}}]},{"date":"2024-05-12","commitResults":[{"hash":"f4cad78c41007171b1f1a9f4e61baa8cfe71c372","isMergeCommit":false,"messageTitle":"[#2170] Add Blurbs for Repos (#2191)","messageBody":"Currently, there are no ways for student developers to append messages\r\nfor each of the repositories they would like to showcase using\r\nRepoSense.\r\n\r\nLet\u0027s move to implement a blurbs feature to allow individual student\r\ndevelopers to showcase their contributions to their project.","fileTypesAndContributionMap":{"gradle":{"insertions":1,"deletions":0},"java":{"insertions":441,"deletions":6},"md":{"insertions":73,"deletions":2},"js":{"insertions":34,"deletions":0}}}]}],"yuanxi1":[],"supermii2":[{"date":"2024-01-26","commitResults":[{"hash":"3cd680c3ddfa5a96f9168d3ab411d0cccfc3c52f","isMergeCommit":false,"messageTitle":"[#2082] Fix typo in command in Setting Up page (#2083)","messageBody":"Fix typo in Setting Up page\r\n\r\nThe command given in the developer guide for checking the local Node.js\r\nversion is `npm -v`, which displays the version of npm instead.\r\n\r\nLet\u0027s replace the command with `node -v`, which correctly displays the\r\nNode.js version.","fileTypesAndContributionMap":{"md":{"insertions":1,"deletions":1}}}]},{"date":"2024-02-11","commitResults":[{"hash":"945405a6c5786c72e11b23da7c452bb9568b03b6","isMergeCommit":false,"messageTitle":"[#1933] Fix broken DevOps Guide link in Learning Basics (#2107)","messageBody":"Fix broken link to DevOps Guide in Learning Basics page.\r\n\r\nUnder the DevOps section in the developer guide,\r\nthe link to DevOps guide leads a Wiki link instead of redirecting to\r\nthe DevOps guide on the actual Reposense website.\r\n\r\nLet\u0027s fix the broken link by changing the address to the correct page.","fileTypesAndContributionMap":{"md":{"insertions":1,"deletions":1}}}]},{"date":"2024-04-13","commitResults":[{"hash":"2692f0fef8b3d60579e0504d713d7505ff0f821c","isMergeCommit":false,"messageTitle":"[#2002] Add explicit return type annotations to TypeScript functions in *.vue files (#2125)","messageBody":"Many frontend functions lack return types after migration to\r\nTypeScript, which can cause errors due to TypeScript\u0027s attempted type\r\ninference being incorrect. Specifying return type explicitly can allow\r\nTypeScript to catch errors before the code is run.\r\n\r\nLet us add return type annotations to TypeScript functions within Vue\r\nfiles.\r\n\r\n---------\r\n\r\nCo-authored-by: David \u003cdavids89034@gmail.com\u003e","fileTypesAndContributionMap":{"json":{"insertions":3,"deletions":1}}}]}],"marquestye":[],"nknguyenhc":[],"Arif-Khalid":[],"NereusWB922":[],"dishenggg":[],"MadLamprey":[],"Tim-Siu":[]},"authorFileTypeContributionMap":{"xenosf":{"java":0,"js":0,"scss":0,"json":0,"md":0,"py":0,"pug":0,"gradle":0,"sh":0,"yml":0},"sopa301":{"java":1,"js":96,"scss":1,"json":3027,"md":24,"py":0,"pug":0,"gradle":1,"sh":0,"yml":3},"mingyuanc":{"java":0,"js":0,"scss":0,"json":0,"md":0,"py":0,"pug":0,"gradle":0,"sh":0,"yml":0},"jingting1412":{"java":0,"js":0,"scss":0,"json":0,"md":0,"py":0,"pug":0,"gradle":0,"sh":0,"yml":0},"KevinEyo1":{"java":0,"js":0,"scss":0,"json":0,"md":0,"py":0,"pug":0,"gradle":0,"sh":0,"yml":0},"LamJiuFong":{"java":0,"js":0,"scss":0,"json":0,"md":0,"py":0,"pug":0,"gradle":0,"sh":0,"yml":0},"yiwen101":{"java":0,"js":0,"scss":0,"json":0,"md":0,"py":0,"pug":0,"gradle":0,"sh":0,"yml":0},"jonasongg":{"java":0,"js":797,"scss":21,"json":0,"md":2,"py":0,"pug":0,"gradle":0,"sh":0,"yml":0},"domoberzin":{"java":0,"js":0,"scss":0,"json":0,"md":0,"py":0,"pug":0,"gradle":0,"sh":0,"yml":0},"asdfghjkxd":{"java":1359,"js":34,"scss":0,"json":0,"md":176,"py":0,"pug":0,"gradle":3,"sh":0,"yml":5},"yuanxi1":{"java":0,"js":0,"scss":0,"json":0,"md":0,"py":0,"pug":0,"gradle":0,"sh":0,"yml":0},"supermii2":{"java":0,"js":0,"scss":0,"json":2,"md":2,"py":0,"pug":0,"gradle":0,"sh":0,"yml":0},"marquestye":{"java":0,"js":0,"scss":0,"json":0,"md":0,"py":0,"pug":0,"gradle":0,"sh":0,"yml":0},"nknguyenhc":{"java":0,"js":0,"scss":0,"json":0,"md":0,"py":0,"pug":0,"gradle":0,"sh":0,"yml":0},"Arif-Khalid":{"java":0,"js":0,"scss":0,"json":0,"md":0,"py":0,"pug":0,"gradle":0,"sh":0,"yml":0},"NereusWB922":{"java":0,"js":0,"scss":0,"json":0,"md":0,"py":0,"pug":0,"gradle":0,"sh":0,"yml":0},"dishenggg":{"java":0,"js":0,"scss":0,"json":0,"md":0,"py":0,"pug":0,"gradle":0,"sh":0,"yml":0},"MadLamprey":{"java":0,"js":0,"scss":0,"json":0,"md":0,"py":0,"pug":0,"gradle":0,"sh":0,"yml":0},"Tim-Siu":{"java":0,"js":0,"scss":0,"json":0,"md":0,"py":0,"pug":0,"gradle":0,"sh":0,"yml":0}},"authorContributionVariance":{"xenosf":0.0,"sopa301":5002011.5,"mingyuanc":0.0,"jingting1412":0.0,"KevinEyo1":0.0,"LamJiuFong":0.0,"yiwen101":0.0,"jonasongg":812.2361,"domoberzin":0.0,"asdfghjkxd":6827.198,"yuanxi1":0.0,"supermii2":0.14225592,"marquestye":0.0,"nknguyenhc":0.0,"Arif-Khalid":0.0,"NereusWB922":0.0,"dishenggg":0.0,"MadLamprey":0.0,"Tim-Siu":0.0},"authorDisplayNameMap":{"xenosf":"XENO..NONG","sopa301":"POON..RYAN","mingyuanc":"CHIN..YUAN","jingting1412":"WANG..TING","KevinEyo1":"EYO ..EVIN","LamJiuFong":"LAM ..FONG","yiwen101":"WANG..IWEN","jonasongg":"JONA.. WEI","domoberzin":"DOMI.. GIN","asdfghjkxd":"GEOR.. YAO","yuanxi1":"ZHU ..ANXI","supermii2":"ALVI..S NG","marquestye":"TYE ..QUES","nknguyenhc":"NGUY..UYEN","Arif-Khalid":"ARIF..ALID","NereusWB922":"NERE.. BIN","dishenggg":"YEO ..HENG","MadLamprey":"MISR..ITYA","Tim-Siu":"XU S..UYAO"}}
