{"authorDailyContributionsMap":{"xenosf":[],"sopa301":[],"mingyuanc":[],"jingting1412":[{"date":"2024-01-25","commitResults":[{"hash":"613461c0ed23970046e1b17a2099ac5b2df71200","isMergeCommit":false,"messageTitle":"Replacing default icon for conversion (#2389)","messageBody":"Change default favicon for conversions","fileTypesAndContributionMap":{"js":{"insertions":24,"deletions":24},"njk":{"insertions":1,"deletions":1}}}]},{"date":"2024-03-04","commitResults":[{"hash":"a44bdaa163ab457753e8e737711b2843dbcc9512","isMergeCommit":false,"messageTitle":"Combining syntax cheat sheet and full syntax reference pages (#2426)","messageBody":"","fileTypesAndContributionMap":{"md":{"insertions":91,"deletions":142},"json":{"insertions":2,"deletions":4},"njk":{"insertions":71,"deletions":0}}}]},{"date":"2024-03-08","commitResults":[{"hash":"7d10b69845d4c3bdcaa862fd4bb1d053128d0c21","isMergeCommit":false,"messageTitle":"Add pageNav and info box to readerFacingFeatures page","messageBody":"","fileTypesAndContributionMap":{"md":{"insertions":7,"deletions":3}}}]}],"KevinEyo1":[{"date":"2024-02-24","commitResults":[{"hash":"8bac97a3f0143e39c601e34a4761a4a0669eba97","isMergeCommit":false,"messageTitle":"GitHub Actions: add check for empty commit message","messageBody":"There is no checking of proposed commit message presence.\r\n\r\nPR authors may forget to include proposed commit message.\r\n\r\nAdding a check using GitHub Actions will help remind and ensure\r\nthat authors don\u0027t miss out on filling in the commit message.\r\n\r\nLet\u0027s add a job to the a new workflow, pr-message-reminder.yml\r\nfile to help automate checking and reminding of filling in the\r\nproposed commit message for each PR.\r\n\r\nThis approach automates the process, without having to have\r\nother users check and remind PR authors themselves. Adding the\r\nnew job to a new workflow will allow greater control of job triggers\r\nwhile maintaining clean code.","fileTypesAndContributionMap":{"yml":{"insertions":39,"deletions":0},"py":{"insertions":15,"deletions":0}}}]},{"date":"2024-03-04","commitResults":[{"hash":"e6e639d23136709d0b1784d22fdc4148485252ec","isMergeCommit":false,"messageTitle":"Upgrade simple-git version (#2439)","messageBody":"simple-git version: update to latest version\r\n\r\nsimple-git was not updated. Currently used version should no\r\nlonger be used due to security advisory.\r\n\r\nUpdating it avoids newly found vulnerabilities.\r\n\r\nLet\u0027s update it to the current latest version.","fileTypesAndContributionMap":{"json":{"insertions":1,"deletions":1}}}]},{"date":"2024-03-10","commitResults":[{"hash":"1c01cfb9351a6696b2dafafab545a868a897211e","isMergeCommit":false,"messageTitle":"UG: update wording of UG (#2440)","messageBody":"Wording might mislead readers into thinking that PageNavs\r\ncannot be used in normal pages.\r\n\r\nUpdating the wording will allow readers to know that\r\nindividual pages can also use PageNavs.\r\n\r\nLet\u0027s update the wording to be clearer and more explicit.\r\n\r\nCo-authored-by: david \u003c71922282+itsyme@users.noreply.github.com\u003e\r\n\r\n---------\r\n\r\nCo-authored-by: david \u003c71922282+itsyme@users.noreply.github.com\u003e","fileTypesAndContributionMap":{"md":{"insertions":1,"deletions":1}}}]}],"LamJiuFong":[{"date":"2024-02-17","commitResults":[{"hash":"2647090c14283e8f108f478495c5cba4514023c4","isMergeCommit":false,"messageTitle":"Allow `markbind serve` to specify custom host #2382 (#2395)","messageBody":"Allow markbind serve to specify custom host\r\n\r\nCo-authored-by: Jiu Fong Lam \u003c\u003e","fileTypesAndContributionMap":{"md":{"insertions":5,"deletions":3},"js":{"insertions":48,"deletions":8}}}]},{"date":"2024-02-29","commitResults":[{"hash":"933655950dc65c079f911f6867b0a4d02e49f54d","isMergeCommit":false,"messageTitle":"Migrate stylelint to latest version #2292 (#2425)","messageBody":"Migrate stylelint to latest version ^16.0.0\r\nAdd devdependency \"stylelint-config-recommended-vue\"\r\nAdd plugin @stylistic/stylelint-plugin\r\nAdd dependency postcss@^8.4.35\r\nFix syntax to obey new rules\r\n\r\n---------\r\n\r\nCo-authored-by: Jiu Fong Lam \u003c\u003e","fileTypesAndContributionMap":{"css":{"insertions":72,"deletions":82},"vue":{"insertions":29,"deletions":47},"js":{"insertions":4,"deletions":3},"json":{"insertions":8,"deletions":3}}}]}],"yiwen101":[{"date":"2024-02-12","commitResults":[{"hash":"7d9cf5a1aff00079400f020a71ad03332dc6d8f8","isMergeCommit":false,"messageTitle":"Add documentation on troubleshooting rendering markdown","messageBody":"* Update trouble shooting\r\n\r\n* Update code examples in affected presentation components\r\n\r\n* Update message for presentation component\r\n\r\n* Revert unrelated changes\r\n\r\n* Fix links\r\n\r\n* Update docs/userGuide/components/presentation.md\r\n\r\nCo-authored-by: Chan Yu Cheng \u003c77204346+yucheng11122017@users.noreply.github.com\u003e\r\n\r\n* Revert distracting changes made by formatter\r\n\r\n* Revert distracting changes by formatter2\r\n\r\n* Migrate to codeAndOutput\r\n\r\n* Updade doc\r\n\r\n* Update presentation.md\r\n\r\n* Update ug\r\n\r\n* Clean formatting error\r\n\r\n* Proof read\r\n\r\n* Improve formatting\r\n\r\n* Improve format\r\n\r\n* Improve format\r\n\r\n* Update troubleshooting.md\r\n\r\n* Update troubleshooting.md\r\n\r\n---------\r\n\r\nCo-authored-by: Chan Yu Cheng \u003c77204346+yucheng11122017@users.noreply.github.com\u003e","fileTypesAndContributionMap":{"md":{"insertions":81,"deletions":10}}}]},{"date":"2024-02-25","commitResults":[{"hash":"ef502dbf57d5b798ec535c4d4a62f62b5dd2588f","isMergeCommit":false,"messageTitle":" Fix external styles and script not hoisted by externals (#2414)","messageBody":"Also add warning in documentation that styles in hoisted\r\nexternal will also affect the rest of the page","fileTypesAndContributionMap":{"md":{"insertions":27,"deletions":0},"json":{"insertions":13,"deletions":0},"js":{"insertions":16,"deletions":0}}}]}],"jonasongg":[],"domoberzin":[],"asdfghjkxd":[],"yuanxi1":[],"supermii2":[],"marquestye":[],"nknguyenhc":[],"Arif-Khalid":[],"NereusWB922":[],"dishenggg":[],"MadLamprey":[],"Tim-Siu":[{"date":"2024-01-28","commitResults":[{"hash":"25326afde09843a79c4c6efb8bf0d8733844d415","isMergeCommit":false,"messageTitle":"Correct broken UG external link (#2392)","messageBody":"","fileTypesAndContributionMap":{"md":{"insertions":2,"deletions":2}}}]},{"date":"2024-02-01","commitResults":[{"hash":"67ae4b134ce35eacad680850b7233e39a516b71e","isMergeCommit":false,"messageTitle":"Use a more noticeable color for highlight words in fenced code under dark theme","messageBody":"","fileTypesAndContributionMap":{"css":{"insertions":8,"deletions":8}}}]},{"date":"2024-02-28","commitResults":[{"hash":"990d6136d1103ceae3005f1fe72be920cc7a6448","isMergeCommit":false,"messageTitle":"Automatically enforce soft-wrapping and add line-numbers when code is cut off for printing","messageBody":"","fileTypesAndContributionMap":{"css":{"insertions":29,"deletions":4},"md":{"insertions":10,"deletions":0},"js":{"insertions":18,"deletions":0}}}]}]},"authorFileTypeContributionMap":{"xenosf":{"java":0,"js":0,"css":0,"json":0,"md":0,"mbd":0,"mbdf":0,"njk":0,"py":0,"vue":0,"yml":0},"sopa301":{"java":0,"js":0,"css":0,"json":0,"md":0,"mbd":0,"mbdf":0,"njk":0,"py":0,"vue":0,"yml":0},"mingyuanc":{"java":0,"js":0,"css":0,"json":0,"md":0,"mbd":0,"mbdf":0,"njk":0,"py":0,"vue":0,"yml":0},"jingting1412":{"java":0,"js":24,"css":0,"json":2,"md":98,"mbd":0,"mbdf":0,"njk":72,"py":0,"vue":0,"yml":0},"KevinEyo1":{"java":0,"js":0,"css":0,"json":1,"md":1,"mbd":0,"mbdf":0,"njk":0,"py":15,"vue":0,"yml":39},"LamJiuFong":{"java":0,"js":52,"css":71,"json":7,"md":5,"mbd":0,"mbdf":0,"njk":0,"py":0,"vue":29,"yml":0},"yiwen101":{"java":0,"js":16,"css":0,"json":13,"md":107,"mbd":0,"mbdf":0,"njk":0,"py":0,"vue":0,"yml":0},"jonasongg":{"java":0,"js":0,"css":0,"json":0,"md":0,"mbd":0,"mbdf":0,"njk":0,"py":0,"vue":0,"yml":0},"domoberzin":{"java":0,"js":0,"css":0,"json":0,"md":0,"mbd":0,"mbdf":0,"njk":0,"py":0,"vue":0,"yml":0},"asdfghjkxd":{"java":0,"js":0,"css":0,"json":0,"md":0,"mbd":0,"mbdf":0,"njk":0,"py":0,"vue":0,"yml":0},"yuanxi1":{"java":0,"js":0,"css":0,"json":0,"md":0,"mbd":0,"mbdf":0,"njk":0,"py":0,"vue":0,"yml":0},"supermii2":{"java":0,"js":0,"css":0,"json":0,"md":0,"mbd":0,"mbdf":0,"njk":0,"py":0,"vue":0,"yml":0},"marquestye":{"java":0,"js":0,"css":0,"json":0,"md":0,"mbd":0,"mbdf":0,"njk":0,"py":0,"vue":0,"yml":0},"nknguyenhc":{"java":0,"js":0,"css":0,"json":0,"md":0,"mbd":0,"mbdf":0,"njk":0,"py":0,"vue":0,"yml":0},"Arif-Khalid":{"java":0,"js":0,"css":0,"json":0,"md":0,"mbd":0,"mbdf":0,"njk":0,"py":0,"vue":0,"yml":0},"NereusWB922":{"java":0,"js":0,"css":0,"json":0,"md":0,"mbd":0,"mbdf":0,"njk":0,"py":0,"vue":0,"yml":0},"dishenggg":{"java":0,"js":0,"css":0,"json":0,"md":0,"mbd":0,"mbdf":0,"njk":0,"py":0,"vue":0,"yml":0},"MadLamprey":{"java":0,"js":0,"css":0,"json":0,"md":0,"mbd":0,"mbdf":0,"njk":0,"py":0,"vue":0,"yml":0},"Tim-Siu":{"java":0,"js":18,"css":37,"json":0,"md":11,"mbd":0,"mbdf":0,"njk":0,"py":0,"vue":0,"yml":0}},"authorContributionVariance":{"xenosf":0.0,"sopa301":0.0,"mingyuanc":0.0,"jingting1412":963.80756,"KevinEyo1":28.620731,"LamJiuFong":639.96234,"yiwen101":110.92125,"jonasongg":0.0,"domoberzin":0.0,"asdfghjkxd":0.0,"yuanxi1":0.0,"supermii2":0.0,"marquestye":0.0,"nknguyenhc":0.0,"Arif-Khalid":0.0,"NereusWB922":0.0,"dishenggg":0.0,"MadLamprey":0.0,"Tim-Siu":38.891468},"authorDisplayNameMap":{"xenosf":"XENO..NONG","sopa301":"POON..RYAN","mingyuanc":"CHIN..YUAN","jingting1412":"WANG..TING","KevinEyo1":"EYO ..EVIN","LamJiuFong":"LAM ..FONG","yiwen101":"WANG..IWEN","jonasongg":"JONA.. WEI","domoberzin":"DOMI.. GIN","asdfghjkxd":"GEOR.. YAO","yuanxi1":"ZHU ..ANXI","supermii2":"ALVI..S NG","marquestye":"TYE ..QUES","nknguyenhc":"NGUY..UYEN","Arif-Khalid":"ARIF..ALID","NereusWB922":"NERE.. BIN","dishenggg":"YEO ..HENG","MadLamprey":"MISR..ITYA","Tim-Siu":"XU S..UYAO"}}
