{"authorDailyContributionsMap":{"xenosf":[],"sopa301":[],"mingyuanc":[],"jingting1412":[{"date":"2024-01-25","commitResults":[{"hash":"613461c0ed23970046e1b17a2099ac5b2df71200","isMergeCommit":false,"messageTitle":"Replacing default icon for conversion (#2389)","messageBody":"Change default favicon for conversions","fileTypesAndContributionMap":{"js":{"insertions":24,"deletions":24},"njk":{"insertions":1,"deletions":1}}}]},{"date":"2024-03-04","commitResults":[{"hash":"a44bdaa163ab457753e8e737711b2843dbcc9512","isMergeCommit":false,"messageTitle":"Combining syntax cheat sheet and full syntax reference pages (#2426)","messageBody":"","fileTypesAndContributionMap":{"md":{"insertions":91,"deletions":142},"json":{"insertions":2,"deletions":4},"njk":{"insertions":71,"deletions":0}}}]},{"date":"2024-03-08","commitResults":[{"hash":"7d10b69845d4c3bdcaa862fd4bb1d053128d0c21","isMergeCommit":false,"messageTitle":"Add pageNav and info box to readerFacingFeatures page","messageBody":"","fileTypesAndContributionMap":{"md":{"insertions":7,"deletions":3}}}]},{"date":"2024-04-08","commitResults":[{"hash":"147899a56e5731aa08b10277cf9d9047cecb2d90","isMergeCommit":false,"messageTitle":"Add portfolio template for init command","messageBody":"","fileTypesAndContributionMap":{"css":{"insertions":593,"deletions":0},"md":{"insertions":517,"deletions":0},"js":{"insertions":91,"deletions":0},"json":{"insertions":83,"deletions":0}}}]},{"date":"2024-04-16","commitResults":[{"hash":"fc776ba075678182d7257b835aaa5bdd9ce4f1d6","isMergeCommit":false,"messageTitle":"Add note on absolute links (#2507)","messageBody":"* Add note on absolute links\r\n\r\n* Fix typos\r\n\r\n* Add tip to more pages\r\n\r\n* Update docs/userGuide/syntax/includes.md\r\n\r\nCo-authored-by: Chan Yu Cheng \u003c77204346+yucheng11122017@users.noreply.github.com\u003e\r\n\r\n* Update docs/userGuide/syntax/includes.md\r\n\r\nCo-authored-by: Chan Yu Cheng \u003c77204346+yucheng11122017@users.noreply.github.com\u003e\r\n\r\n* Add negative example\r\n\r\n* Update docs/userGuide/troubleshooting.md\r\n\r\nCo-authored-by: Chan Yu Cheng \u003c77204346+yucheng11122017@users.noreply.github.com\u003e\r\n\r\n* Update docs/userGuide/syntax/includes.md\r\n\r\nCo-authored-by: Chan Yu Cheng \u003c77204346+yucheng11122017@users.noreply.github.com\u003e\r\n\r\n* Update docs/userGuide/syntax/includes.md\r\n\r\nCo-authored-by: Chan Yu Cheng \u003c77204346+yucheng11122017@users.noreply.github.com\u003e\r\n\r\n* Update docs/userGuide/syntax/includes.md\r\n\r\nCo-authored-by: Chan Yu Cheng \u003c77204346+yucheng11122017@users.noreply.github.com\u003e\r\n\r\n* Add more details\r\n\r\n* Improve explanation\r\n\r\n* Improve look of tip\r\n\r\n* Update docs/userGuide/syntax/includes.md\r\n\r\nCo-authored-by: Chan Yu Cheng \u003c77204346+yucheng11122017@users.noreply.github.com\u003e\r\n\r\n* Update docs/userGuide/syntax/includes.md\r\n\r\nCo-authored-by: Chan Yu Cheng \u003c77204346+yucheng11122017@users.noreply.github.com\u003e\r\n\r\n* Update docs/userGuide/syntax/includes.md\r\n\r\nCo-authored-by: Chan Yu Cheng \u003c77204346+yucheng11122017@users.noreply.github.com\u003e\r\n\r\n* Implement review changes\r\n\r\n---------\r\n\r\nCo-authored-by: Chan Yu Cheng \u003c77204346+yucheng11122017@users.noreply.github.com\u003e\r\nCo-authored-by: Shuyao \"Tim\" Xu \u003c61866948+Tim-Siu@users.noreply.github.com\u003e","fileTypesAndContributionMap":{"md":{"insertions":39,"deletions":2}}}]},{"date":"2024-04-19","commitResults":[{"hash":"8063cdb6951c723ac68bb71c5910c96eee2b4c14","isMergeCommit":false,"messageTitle":"Enable seamless panels to inherit any parent\u0027s colours (#2501)","messageBody":"* Change seamless panels\r\n\r\n* Improve look of seamless panels\r\n\r\n* Add tests\r\n\r\n* Update userguide example\r\n---------\r\n\r\nCo-authored-by: Chan Yu Cheng \u003c77204346+yucheng11122017@users.noreply.github.com\u003e\r\nCo-authored-by: Hannah \u003c59471320+kaixin-hc@users.noreply.github.com\u003e","fileTypesAndContributionMap":{"md":{"insertions":8,"deletions":0},"vue":{"insertions":55,"deletions":9},"js":{"insertions":44,"deletions":0}}}]}],"KevinEyo1":[{"date":"2024-02-24","commitResults":[{"hash":"8bac97a3f0143e39c601e34a4761a4a0669eba97","isMergeCommit":false,"messageTitle":"GitHub Actions: add check for empty commit message","messageBody":"There is no checking of proposed commit message presence.\r\n\r\nPR authors may forget to include proposed commit message.\r\n\r\nAdding a check using GitHub Actions will help remind and ensure\r\nthat authors don\u0027t miss out on filling in the commit message.\r\n\r\nLet\u0027s add a job to the a new workflow, pr-message-reminder.yml\r\nfile to help automate checking and reminding of filling in the\r\nproposed commit message for each PR.\r\n\r\nThis approach automates the process, without having to have\r\nother users check and remind PR authors themselves. Adding the\r\nnew job to a new workflow will allow greater control of job triggers\r\nwhile maintaining clean code.","fileTypesAndContributionMap":{"yml":{"insertions":39,"deletions":0},"py":{"insertions":15,"deletions":0}}}]},{"date":"2024-03-04","commitResults":[{"hash":"e6e639d23136709d0b1784d22fdc4148485252ec","isMergeCommit":false,"messageTitle":"Upgrade simple-git version (#2439)","messageBody":"simple-git version: update to latest version\r\n\r\nsimple-git was not updated. Currently used version should no\r\nlonger be used due to security advisory.\r\n\r\nUpdating it avoids newly found vulnerabilities.\r\n\r\nLet\u0027s update it to the current latest version.","fileTypesAndContributionMap":{"json":{"insertions":1,"deletions":1}}}]},{"date":"2024-03-10","commitResults":[{"hash":"1c01cfb9351a6696b2dafafab545a868a897211e","isMergeCommit":false,"messageTitle":"UG: update wording of UG (#2440)","messageBody":"Wording might mislead readers into thinking that PageNavs\r\ncannot be used in normal pages.\r\n\r\nUpdating the wording will allow readers to know that\r\nindividual pages can also use PageNavs.\r\n\r\nLet\u0027s update the wording to be clearer and more explicit.\r\n\r\nCo-authored-by: david \u003c71922282+itsyme@users.noreply.github.com\u003e\r\n\r\n---------\r\n\r\nCo-authored-by: david \u003c71922282+itsyme@users.noreply.github.com\u003e","fileTypesAndContributionMap":{"md":{"insertions":1,"deletions":1}}}]},{"date":"2024-03-30","commitResults":[{"hash":"e95e5885ef9306e92adc1bc7f6228c27ed76c86c","isMergeCommit":false,"messageTitle":"Utilize GitHub Actions to check for SEMVER impact label (#2470)","messageBody":"It is easy to forget to label PRs with their SEMVER impact when\r\nmerging.\r\n\r\nAdding a workflow to automate labelling will help prevent\r\nusers from missing labels when merging.\r\n\r\nLet\u0027s check the PR body description for user selected impact,\r\nand automatically add the label to the PR when merging.\r\n\r\nThis approach allows the user to not even have to add the label\r\nthemselves.","fileTypesAndContributionMap":{"yml":{"insertions":69,"deletions":0}}},{"hash":"011808d72db7321d00db0ea2765c35999ac7525e","isMergeCommit":false,"messageTitle":"MarkBind templates: add a project-specific template (#2400)","messageBody":"MarkBind has default and minimal templates.\r\n\r\nMarkBind lacks a specific template for project documentation,\r\nlimiting its appeal to users seeking specialized starting points.\r\n\r\nCreating a new template for such users enhances MarkBind\u0027s\r\nusability by providing a tailored starting point for creating\r\nproject documentation, encouraging more users to choose\r\nMarkBind for their documentation needs.\r\n\r\nLet\u0027s add a project template option during MarkBind\r\ninitialization that generates a template specifically to project\r\ndocumentation needs, with a User Guide and Developer Guide.\r\n\r\nThis approach directly addresses the gap for specialized\r\ndocumentation templates, making MarkBind a more attractive\r\noption for project maintainers.","fileTypesAndContributionMap":{"css":{"insertions":594,"deletions":0},"md":{"insertions":838,"deletions":1},"js":{"insertions":534,"deletions":0},"json":{"insertions":205,"deletions":0}}}]},{"date":"2024-04-07","commitResults":[{"hash":"fa483439e7057b002287d4b96d017cecf99481a3","isMergeCommit":false,"messageTitle":"Add `once` attribute to custom lists so attributes only apply to current item","messageBody":"","fileTypesAndContributionMap":{"md":{"insertions":169,"deletions":1},"js":{"insertions":91,"deletions":1}}}]},{"date":"2024-04-11","commitResults":[{"hash":"362f7611f4560f69bece75cf550394dd3906a7b0","isMergeCommit":false,"messageTitle":"Add references between image and pic in UG","messageBody":"","fileTypesAndContributionMap":{"md":{"insertions":12,"deletions":0}}},{"hash":"889836c6f0e29063a3ae6dcf417bbeef0d80c17c","isMergeCommit":false,"messageTitle":"Add a reminder when contributor is new to ping all contributor bot","messageBody":"","fileTypesAndContributionMap":{"yml":{"insertions":45,"deletions":0}}}]},{"date":"2024-04-16","commitResults":[{"hash":"f1c365c7e76f326c5d3e70ca4ed0dd9bc3a5d7c1","isMergeCommit":false,"messageTitle":"GitHub Actions: improve security","messageBody":"Security best practices need to be enforced to ensure no avenues\r\nof attack and security breaches.\r\n\r\nLet\u0027s update the workflows following security best practices,\r\nparticularly restricting permissions to read permissions","fileTypesAndContributionMap":{"yml":{"insertions":45,"deletions":26}}},{"hash":"fc71dd63e3da2703b79cb97fcdffe378beb951d2","isMergeCommit":false,"messageTitle":"Add back GITHUB_TOKEN to deploy-docs job (#2521)","messageBody":"","fileTypesAndContributionMap":{"yml":{"insertions":2,"deletions":0}}}]}],"LamJiuFong":[{"date":"2024-02-17","commitResults":[{"hash":"2647090c14283e8f108f478495c5cba4514023c4","isMergeCommit":false,"messageTitle":"Allow `markbind serve` to specify custom host #2382 (#2395)","messageBody":"Allow markbind serve to specify custom host\r\n\r\nCo-authored-by: Jiu Fong Lam \u003c\u003e","fileTypesAndContributionMap":{"md":{"insertions":5,"deletions":3},"js":{"insertions":48,"deletions":8}}}]},{"date":"2024-02-29","commitResults":[{"hash":"933655950dc65c079f911f6867b0a4d02e49f54d","isMergeCommit":false,"messageTitle":"Migrate stylelint to latest version #2292 (#2425)","messageBody":"Migrate stylelint to latest version ^16.0.0\r\nAdd devdependency \"stylelint-config-recommended-vue\"\r\nAdd plugin @stylistic/stylelint-plugin\r\nAdd dependency postcss@^8.4.35\r\nFix syntax to obey new rules\r\n\r\n---------\r\n\r\nCo-authored-by: Jiu Fong Lam \u003c\u003e","fileTypesAndContributionMap":{"css":{"insertions":72,"deletions":82},"vue":{"insertions":29,"deletions":47},"js":{"insertions":4,"deletions":3},"json":{"insertions":8,"deletions":3}}}]},{"date":"2024-03-17","commitResults":[{"hash":"371228d0a255d8b34fe24045a32692b79932fd7f","isMergeCommit":false,"messageTitle":"Add lazy property to pic and annotate","messageBody":"","fileTypesAndContributionMap":{"md":{"insertions":6,"deletions":4},"vue":{"insertions":47,"deletions":15}}}]},{"date":"2024-04-07","commitResults":[{"hash":"8ad1b0c7e1b5bc42635a83398701f256ada274f2","isMergeCommit":false,"messageTitle":"Add defer attribute to scripts in page template (#2492)","messageBody":"","fileTypesAndContributionMap":{"njk":{"insertions":4,"deletions":4}}}]}],"yiwen101":[{"date":"2024-02-12","commitResults":[{"hash":"7d9cf5a1aff00079400f020a71ad03332dc6d8f8","isMergeCommit":false,"messageTitle":"Add documentation on troubleshooting rendering markdown","messageBody":"* Update trouble shooting\r\n\r\n* Update code examples in affected presentation components\r\n\r\n* Update message for presentation component\r\n\r\n* Revert unrelated changes\r\n\r\n* Fix links\r\n\r\n* Update docs/userGuide/components/presentation.md\r\n\r\nCo-authored-by: Chan Yu Cheng \u003c77204346+yucheng11122017@users.noreply.github.com\u003e\r\n\r\n* Revert distracting changes made by formatter\r\n\r\n* Revert distracting changes by formatter2\r\n\r\n* Migrate to codeAndOutput\r\n\r\n* Updade doc\r\n\r\n* Update presentation.md\r\n\r\n* Update ug\r\n\r\n* Clean formatting error\r\n\r\n* Proof read\r\n\r\n* Improve formatting\r\n\r\n* Improve format\r\n\r\n* Improve format\r\n\r\n* Update troubleshooting.md\r\n\r\n* Update troubleshooting.md\r\n\r\n---------\r\n\r\nCo-authored-by: Chan Yu Cheng \u003c77204346+yucheng11122017@users.noreply.github.com\u003e","fileTypesAndContributionMap":{"md":{"insertions":81,"deletions":10}}}]},{"date":"2024-02-25","commitResults":[{"hash":"ef502dbf57d5b798ec535c4d4a62f62b5dd2588f","isMergeCommit":false,"messageTitle":" Fix external styles and script not hoisted by externals (#2414)","messageBody":"Also add warning in documentation that styles in hoisted\r\nexternal will also affect the rest of the page","fileTypesAndContributionMap":{"md":{"insertions":27,"deletions":0},"json":{"insertions":13,"deletions":0},"js":{"insertions":16,"deletions":0}}}]},{"date":"2024-03-18","commitResults":[{"hash":"dd4bfd3288e02174d39005654a4891fa5d88698f","isMergeCommit":false,"messageTitle":"Fix issue of cannot import footnote from hash","messageBody":"","fileTypesAndContributionMap":{"md":{"insertions":9,"deletions":0},"js":{"insertions":10,"deletions":1}}}]},{"date":"2024-03-29","commitResults":[{"hash":"66591c50686edbeb4d1ea33d7365ea4fc363dab5","isMergeCommit":false,"messageTitle":"Implement efficient validation for hash intra-link (#2465)","messageBody":"","fileTypesAndContributionMap":{"md":{"insertions":12,"deletions":12}}}]},{"date":"2024-04-04","commitResults":[{"hash":"c268733678094626ac4df26c0091d99df58c16ef","isMergeCommit":false,"messageTitle":"Fix stray space before popover and tooltip (#2486)","messageBody":"","fileTypesAndContributionMap":{"md":{"insertions":5,"deletions":0},"vue":{"insertions":6,"deletions":9},"js":{"insertions":1,"deletions":1}}}]},{"date":"2024-04-09","commitResults":[{"hash":"e0e923985f3185c800ea5755bb4f6fb4fc6ff9a8","isMergeCommit":false,"messageTitle":"Support Bootstrap icons","messageBody":"","fileTypesAndContributionMap":{"css":{"insertions":16664,"deletions":0},"md":{"insertions":18,"deletions":2},"json":{"insertions":16427,"deletions":0},"js":{"insertions":22,"deletions":0},"njk":{"insertions":1,"deletions":0}}}]},{"date":"2024-04-12","commitResults":[{"hash":"ff8e9b135c35dd1949ea25778da1146876a4f62d","isMergeCommit":false,"messageTitle":"Fix off-positioned close button in imported modal (#2487)","messageBody":"---------\r\n\r\nCo-authored-by: Chan Yu Cheng \u003c77204346+yucheng11122017@users.noreply.github.com\u003e","fileTypesAndContributionMap":{"md":{"insertions":16,"deletions":0},"vue":{"insertions":4,"deletions":4},"js":{"insertions":4,"deletions":1}}}]},{"date":"2024-04-19","commitResults":[{"hash":"eb4f44425ec52326c8c9c9e311325d18bdefcb1f","isMergeCommit":false,"messageTitle":"Rule based html validation against hydration (#2493)","messageBody":"* Add rule based html validation against Vue hydration issue\r\n\r\n* Improve docs\r\n\r\n* Update test\r\n\r\n* Add rule to check against table tag without tboby\r\n\r\n* Update docs/devGuide/design/serverSideRendering.md\r\n\r\n* Update packages/core/test/unit/utils/HtmlValidationUtil.test.ts\r\n\r\n* Update packages/core/src/utils/htmlValidationUtil.ts\r\n\r\n* Update packages/core/test/unit/utils/HtmlValidationUtil.test.ts\r\n---------\r\n\r\nCo-authored-by: Chan Yu Cheng \u003c77204346+yucheng11122017@users.noreply.github.com\u003e","fileTypesAndContributionMap":{"md":{"insertions":6,"deletions":0}}},{"hash":"cb59668ba7582660227fb3939283e778807038eb","isMergeCommit":false,"messageTitle":"Support text-icons of lists (#2520)","messageBody":"* Add text-icons of lists\r\n\r\n* Update test\r\n\r\n* Trim texts\r\n\r\n* Update user doc\r\n\r\n* Update input format\r\n\r\n* Update test\r\n\r\n* Update user guide\r\n\r\n* Improve code quality\r\n\r\n* Fix cannot override\r\n\r\n* Format the code\r\n\r\n* Update docs/userGuide/syntax/lists.md\r\n\r\n* Update docs/userGuide/syntax/lists.md\r\n\r\n* Improve code\r\n\r\n* Update user docs\r\n\r\n* Update docs/userGuide/syntax/lists.md\r\n\r\n* Update docs/userGuide/syntax/lists.md\r\n\r\n* Update docs/userGuide/syntax/lists.md\r\n\r\n---------\r\n\r\nCo-authored-by: Chan Yu Cheng \u003c77204346+yucheng11122017@users.noreply.github.com\u003e","fileTypesAndContributionMap":{"md":{"insertions":82,"deletions":0},"js":{"insertions":43,"deletions":1}}}]}],"jonasongg":[],"domoberzin":[],"asdfghjkxd":[],"yuanxi1":[],"supermii2":[],"marquestye":[],"nknguyenhc":[],"Arif-Khalid":[],"NereusWB922":[],"dishenggg":[],"MadLamprey":[],"Tim-Siu":[{"date":"2024-01-28","commitResults":[{"hash":"25326afde09843a79c4c6efb8bf0d8733844d415","isMergeCommit":false,"messageTitle":"Correct broken UG external link (#2392)","messageBody":"","fileTypesAndContributionMap":{"md":{"insertions":2,"deletions":2}}}]},{"date":"2024-02-01","commitResults":[{"hash":"67ae4b134ce35eacad680850b7233e39a516b71e","isMergeCommit":false,"messageTitle":"Use a more noticeable color for highlight words in fenced code under dark theme","messageBody":"","fileTypesAndContributionMap":{"css":{"insertions":8,"deletions":8}}}]},{"date":"2024-02-28","commitResults":[{"hash":"990d6136d1103ceae3005f1fe72be920cc7a6448","isMergeCommit":false,"messageTitle":"Automatically enforce soft-wrapping and add line-numbers when code is cut off for printing","messageBody":"","fileTypesAndContributionMap":{"css":{"insertions":29,"deletions":4},"md":{"insertions":10,"deletions":0},"js":{"insertions":18,"deletions":0}}}]},{"date":"2024-04-19","commitResults":[{"hash":"ac3e4f579afd2e67be0af2e5ad0158824f2fe368","isMergeCommit":false,"messageTitle":"Add warning for including empty segments or files in optional mode (#2506)","messageBody":"","fileTypesAndContributionMap":{"md":{"insertions":4,"deletions":1}}}]}]},"authorFileTypeContributionMap":{"xenosf":{"java":0,"js":0,"css":0,"json":0,"md":0,"mbd":0,"mbdf":0,"njk":0,"py":0,"vue":0,"yml":0},"sopa301":{"java":0,"js":0,"css":0,"json":0,"md":0,"mbd":0,"mbdf":0,"njk":0,"py":0,"vue":0,"yml":0},"mingyuanc":{"java":0,"js":0,"css":0,"json":0,"md":0,"mbd":0,"mbdf":0,"njk":0,"py":0,"vue":0,"yml":0},"jingting1412":{"java":0,"js":148,"css":676,"json":85,"md":661,"mbd":0,"mbdf":0,"njk":72,"py":0,"vue":55,"yml":0},"KevinEyo1":{"java":0,"js":619,"css":675,"json":206,"md":1017,"mbd":0,"mbdf":0,"njk":0,"py":15,"vue":0,"yml":175},"LamJiuFong":{"java":0,"js":52,"css":71,"json":7,"md":11,"mbd":0,"mbdf":0,"njk":0,"py":0,"vue":69,"yml":0},"yiwen101":{"java":0,"js":94,"css":33384,"json":16440,"md":253,"mbd":0,"mbdf":0,"njk":1,"py":0,"vue":10,"yml":0},"jonasongg":{"java":0,"js":0,"css":0,"json":0,"md":0,"mbd":0,"mbdf":0,"njk":0,"py":0,"vue":0,"yml":0},"domoberzin":{"java":0,"js":0,"css":0,"json":0,"md":0,"mbd":0,"mbdf":0,"njk":0,"py":0,"vue":0,"yml":0},"asdfghjkxd":{"java":0,"js":0,"css":0,"json":0,"md":0,"mbd":0,"mbdf":0,"njk":0,"py":0,"vue":0,"yml":0},"yuanxi1":{"java":0,"js":0,"css":0,"json":0,"md":0,"mbd":0,"mbdf":0,"njk":0,"py":0,"vue":0,"yml":0},"supermii2":{"java":0,"js":0,"css":0,"json":0,"md":0,"mbd":0,"mbdf":0,"njk":0,"py":0,"vue":0,"yml":0},"marquestye":{"java":0,"js":0,"css":0,"json":0,"md":0,"mbd":0,"mbdf":0,"njk":0,"py":0,"vue":0,"yml":0},"nknguyenhc":{"java":0,"js":0,"css":0,"json":0,"md":0,"mbd":0,"mbdf":0,"njk":0,"py":0,"vue":0,"yml":0},"Arif-Khalid":{"java":0,"js":0,"css":0,"json":0,"md":0,"mbd":0,"mbdf":0,"njk":0,"py":0,"vue":0,"yml":0},"NereusWB922":{"java":0,"js":0,"css":0,"json":0,"md":0,"mbd":0,"mbdf":0,"njk":0,"py":0,"vue":0,"yml":0},"dishenggg":{"java":0,"js":0,"css":0,"json":0,"md":0,"mbd":0,"mbdf":0,"njk":0,"py":0,"vue":0,"yml":0},"MadLamprey":{"java":0,"js":0,"css":0,"json":0,"md":0,"mbd":0,"mbdf":0,"njk":0,"py":0,"vue":0,"yml":0},"Tim-Siu":{"java":0,"js":18,"css":31,"json":0,"md":14,"mbd":0,"mbdf":0,"njk":0,"py":0,"vue":0,"yml":0}},"authorContributionVariance":{"xenosf":0.0,"sopa301":0.0,"mingyuanc":0.0,"jingting1412":12334.984,"KevinEyo1":35821.734,"LamJiuFong":494.73846,"yiwen101":7729999.0,"jonasongg":0.0,"domoberzin":0.0,"asdfghjkxd":0.0,"yuanxi1":0.0,"supermii2":0.0,"marquestye":0.0,"nknguyenhc":0.0,"Arif-Khalid":0.0,"NereusWB922":0.0,"dishenggg":0.0,"MadLamprey":0.0,"Tim-Siu":28.12446},"authorDisplayNameMap":{"xenosf":"XENO..NONG","sopa301":"POON..RYAN","mingyuanc":"CHIN..YUAN","jingting1412":"WANG..TING","KevinEyo1":"EYO ..EVIN","LamJiuFong":"LAM ..FONG","yiwen101":"WANG..IWEN","jonasongg":"JONA.. WEI","domoberzin":"DOMI.. GIN","asdfghjkxd":"GEOR.. YAO","yuanxi1":"ZHU ..ANXI","supermii2":"ALVI..S NG","marquestye":"TYE ..QUES","nknguyenhc":"NGUY..UYEN","Arif-Khalid":"ARIF..ALID","NereusWB922":"NERE.. BIN","dishenggg":"YEO ..HENG","MadLamprey":"MISR..ITYA","Tim-Siu":"XU S..UYAO"}}
