{"authorDailyContributionsMap":{"xenosf":[],"sopa301":[],"mingyuanc":[],"jingting1412":[{"date":"2024-01-25","commitResults":[{"hash":"613461c0ed23970046e1b17a2099ac5b2df71200","isMergeCommit":false,"messageTitle":"Replacing default icon for conversion (#2389)","messageBody":"Change default favicon for conversions","fileTypesAndContributionMap":{"js":{"insertions":24,"deletions":24},"njk":{"insertions":1,"deletions":1}}}]}],"KevinEyo1":[{"date":"2024-02-24","commitResults":[{"hash":"8bac97a3f0143e39c601e34a4761a4a0669eba97","isMergeCommit":false,"messageTitle":"GitHub Actions: add check for empty commit message","messageBody":"There is no checking of proposed commit message presence.\r\n\r\nPR authors may forget to include proposed commit message.\r\n\r\nAdding a check using GitHub Actions will help remind and ensure\r\nthat authors don\u0027t miss out on filling in the commit message.\r\n\r\nLet\u0027s add a job to the a new workflow, pr-message-reminder.yml\r\nfile to help automate checking and reminding of filling in the\r\nproposed commit message for each PR.\r\n\r\nThis approach automates the process, without having to have\r\nother users check and remind PR authors themselves. Adding the\r\nnew job to a new workflow will allow greater control of job triggers\r\nwhile maintaining clean code.","fileTypesAndContributionMap":{"yml":{"insertions":39,"deletions":0},"py":{"insertions":15,"deletions":0}}}]}],"LamJiuFong":[{"date":"2024-02-17","commitResults":[{"hash":"2647090c14283e8f108f478495c5cba4514023c4","isMergeCommit":false,"messageTitle":"Allow `markbind serve` to specify custom host #2382 (#2395)","messageBody":"Allow markbind serve to specify custom host\r\n\r\nCo-authored-by: Jiu Fong Lam \u003c\u003e","fileTypesAndContributionMap":{"md":{"insertions":5,"deletions":3},"js":{"insertions":48,"deletions":8}}}]}],"yiwen101":[{"date":"2024-02-12","commitResults":[{"hash":"7d9cf5a1aff00079400f020a71ad03332dc6d8f8","isMergeCommit":false,"messageTitle":"Add documentation on troubleshooting rendering markdown","messageBody":"* Update trouble shooting\r\n\r\n* Update code examples in affected presentation components\r\n\r\n* Update message for presentation component\r\n\r\n* Revert unrelated changes\r\n\r\n* Fix links\r\n\r\n* Update docs/userGuide/components/presentation.md\r\n\r\nCo-authored-by: Chan Yu Cheng \u003c77204346+yucheng11122017@users.noreply.github.com\u003e\r\n\r\n* Revert distracting changes made by formatter\r\n\r\n* Revert distracting changes by formatter2\r\n\r\n* Migrate to codeAndOutput\r\n\r\n* Updade doc\r\n\r\n* Update presentation.md\r\n\r\n* Update ug\r\n\r\n* Clean formatting error\r\n\r\n* Proof read\r\n\r\n* Improve formatting\r\n\r\n* Improve format\r\n\r\n* Improve format\r\n\r\n* Update troubleshooting.md\r\n\r\n* Update troubleshooting.md\r\n\r\n---------\r\n\r\nCo-authored-by: Chan Yu Cheng \u003c77204346+yucheng11122017@users.noreply.github.com\u003e","fileTypesAndContributionMap":{"md":{"insertions":81,"deletions":10}}}]}],"jonasongg":[],"domoberzin":[],"asdfghjkxd":[],"yuanxi1":[],"supermii2":[],"marquestye":[],"nknguyenhc":[],"Arif-Khalid":[],"NereusWB922":[],"dishenggg":[],"MadLamprey":[],"Tim-Siu":[{"date":"2024-01-28","commitResults":[{"hash":"25326afde09843a79c4c6efb8bf0d8733844d415","isMergeCommit":false,"messageTitle":"Correct broken UG external link (#2392)","messageBody":"","fileTypesAndContributionMap":{"md":{"insertions":2,"deletions":2}}}]},{"date":"2024-02-01","commitResults":[{"hash":"67ae4b134ce35eacad680850b7233e39a516b71e","isMergeCommit":false,"messageTitle":"Use a more noticeable color for highlight words in fenced code under dark theme","messageBody":"","fileTypesAndContributionMap":{"css":{"insertions":8,"deletions":8}}}]}]},"authorFileTypeContributionMap":{"xenosf":{"java":0,"js":0,"css":0,"json":0,"md":0,"mbd":0,"mbdf":0,"njk":0,"py":0,"vue":0,"yml":0},"sopa301":{"java":0,"js":0,"css":0,"json":0,"md":0,"mbd":0,"mbdf":0,"njk":0,"py":0,"vue":0,"yml":0},"mingyuanc":{"java":0,"js":0,"css":0,"json":0,"md":0,"mbd":0,"mbdf":0,"njk":0,"py":0,"vue":0,"yml":0},"jingting1412":{"java":0,"js":24,"css":0,"json":0,"md":0,"mbd":0,"mbdf":0,"njk":1,"py":0,"vue":0,"yml":0},"KevinEyo1":{"java":0,"js":0,"css":0,"json":0,"md":0,"mbd":0,"mbdf":0,"njk":0,"py":15,"vue":0,"yml":39},"LamJiuFong":{"java":0,"js":48,"css":0,"json":0,"md":5,"mbd":0,"mbdf":0,"njk":0,"py":0,"vue":0,"yml":0},"yiwen101":{"java":0,"js":0,"css":0,"json":0,"md":81,"mbd":0,"mbdf":0,"njk":0,"py":0,"vue":0,"yml":0},"jonasongg":{"java":0,"js":0,"css":0,"json":0,"md":0,"mbd":0,"mbdf":0,"njk":0,"py":0,"vue":0,"yml":0},"domoberzin":{"java":0,"js":0,"css":0,"json":0,"md":0,"mbd":0,"mbdf":0,"njk":0,"py":0,"vue":0,"yml":0},"asdfghjkxd":{"java":0,"js":0,"css":0,"json":0,"md":0,"mbd":0,"mbdf":0,"njk":0,"py":0,"vue":0,"yml":0},"yuanxi1":{"java":0,"js":0,"css":0,"json":0,"md":0,"mbd":0,"mbdf":0,"njk":0,"py":0,"vue":0,"yml":0},"supermii2":{"java":0,"js":0,"css":0,"json":0,"md":0,"mbd":0,"mbdf":0,"njk":0,"py":0,"vue":0,"yml":0},"marquestye":{"java":0,"js":0,"css":0,"json":0,"md":0,"mbd":0,"mbdf":0,"njk":0,"py":0,"vue":0,"yml":0},"nknguyenhc":{"java":0,"js":0,"css":0,"json":0,"md":0,"mbd":0,"mbdf":0,"njk":0,"py":0,"vue":0,"yml":0},"Arif-Khalid":{"java":0,"js":0,"css":0,"json":0,"md":0,"mbd":0,"mbdf":0,"njk":0,"py":0,"vue":0,"yml":0},"NereusWB922":{"java":0,"js":0,"css":0,"json":0,"md":0,"mbd":0,"mbdf":0,"njk":0,"py":0,"vue":0,"yml":0},"dishenggg":{"java":0,"js":0,"css":0,"json":0,"md":0,"mbd":0,"mbdf":0,"njk":0,"py":0,"vue":0,"yml":0},"MadLamprey":{"java":0,"js":0,"css":0,"json":0,"md":0,"mbd":0,"mbdf":0,"njk":0,"py":0,"vue":0,"yml":0},"Tim-Siu":{"java":0,"js":0,"css":8,"json":0,"md":1,"mbd":0,"mbdf":0,"njk":0,"py":0,"vue":0,"yml":0}},"authorContributionVariance":{"xenosf":0.0,"sopa301":0.0,"mingyuanc":0.0,"jingting1412":28.731789,"KevinEyo1":33.51271,"LamJiuFong":47.074085,"yiwen101":95.17104,"jonasongg":0.0,"domoberzin":0.0,"asdfghjkxd":0.0,"yuanxi1":0.0,"supermii2":0.0,"marquestye":0.0,"nknguyenhc":0.0,"Arif-Khalid":0.0,"NereusWB922":0.0,"dishenggg":0.0,"MadLamprey":0.0,"Tim-Siu":3.1087058},"authorDisplayNameMap":{"xenosf":"XENO..NONG","sopa301":"POON..RYAN","mingyuanc":"CHIN..YUAN","jingting1412":"WANG..TING","KevinEyo1":"EYO ..EVIN","LamJiuFong":"LAM ..FONG","yiwen101":"WANG..IWEN","jonasongg":"JONA.. WEI","domoberzin":"DOMI.. GIN","asdfghjkxd":"GEOR.. YAO","yuanxi1":"ZHU ..ANXI","supermii2":"ALVI..S NG","marquestye":"TYE ..QUES","nknguyenhc":"NGUY..UYEN","Arif-Khalid":"ARIF..ALID","NereusWB922":"NERE.. BIN","dishenggg":"YEO ..HENG","MadLamprey":"MISR..ITYA","Tim-Siu":"XU S..UYAO"}}
