[{"path":"src/web/app/components/comment-box/comment-row/comment-row.component.html","fileType":"html","lines":[{"lineNumber":1,"author":{"gitId":"-"},"content":"\u003ctm-comment-edit-form *ngIf\u003d\"model.isEditing || mode \u003d\u003d\u003d CommentRowMode.ADD\""},{"lineNumber":2,"author":{"gitId":"-"},"content":"                      [mode]\u003d\"mode\""},{"lineNumber":3,"author":{"gitId":"-"},"content":"                      [model]\u003d\"model.commentEditFormModel\""},{"lineNumber":4,"author":{"gitId":"-"},"content":"                      (modelChange)\u003d\"triggerModelChange(\u0027commentEditFormModel\u0027, $event)\""},{"lineNumber":5,"author":{"gitId":"-"},"content":"                      [isVisibilityOptionEnabled]\u003d\"isVisibilityOptionEnabled\""},{"lineNumber":6,"author":{"gitId":"-"},"content":"                      [isDisabled]\u003d\"isDisabled\""},{"lineNumber":7,"author":{"gitId":"-"},"content":"                      [shouldHideSavingButton]\u003d\"shouldHideSavingButton\""},{"lineNumber":8,"author":{"gitId":"-"},"content":"                      [questionShowResponsesTo]\u003d\"questionShowResponsesTo\""},{"lineNumber":9,"author":{"gitId":"-"},"content":"                      [response]\u003d\"response\""},{"lineNumber":10,"author":{"gitId":"-"},"content":"                      [isFeedbackParticipantComment]\u003d\"isFeedbackParticipantComment\""},{"lineNumber":11,"author":{"gitId":"-"},"content":"                      [shouldHideClosingButton]\u003d\"shouldHideClosingButton\""},{"lineNumber":12,"author":{"gitId":"-"},"content":"                      (closeCommentBoxEvent)\u003d\"triggerCloseEditing()\""},{"lineNumber":13,"author":{"gitId":"-"},"content":"                      (saveCommentEvent)\u003d\"triggerSaveCommentEvent()\"\u003e\u003c/tm-comment-edit-form\u003e"},{"lineNumber":14,"author":{"gitId":"-"},"content":""},{"lineNumber":15,"author":{"gitId":"-"},"content":"\u003cdiv class\u003d\"card\" *ngIf\u003d\"!model.isEditing \u0026\u0026 mode \u003d\u003d\u003d CommentRowMode.EDIT \u0026\u0026 model.originalComment\"\u003e"},{"lineNumber":16,"author":{"gitId":"-"},"content":"  \u003cdiv class\u003d\"card-body\"\u003e"},{"lineNumber":17,"author":{"gitId":"-"},"content":"    \u003cdiv class\u003d\"row comment-row\"\u003e"},{"lineNumber":18,"author":{"gitId":"-"},"content":"      \u003cdiv class\u003d\"col-12\"\u003e"},{"lineNumber":19,"author":{"gitId":"-"},"content":"        \u003cspan class\u003d\"by-response-giver text-secondary\" *ngIf\u003d\"isFeedbackParticipantComment\"\u003e"},{"lineNumber":20,"author":{"gitId":"-"},"content":"          Comment by response giver."},{"lineNumber":21,"author":{"gitId":"-"},"content":"        \u003c/span\u003e"},{"lineNumber":22,"author":{"gitId":"yuanxi1"},"content":"        \u003cng-container class\u003d\"text-secondary\" *ngIf\u003d\"!isFeedbackParticipantComment\"\u003e"},{"lineNumber":23,"author":{"gitId":"-"},"content":"          \u003cspan class\u003d\"comment-giver-name\"\u003e{{ model.commentGiverName ? model.commentGiverName : model.originalComment.commentGiver }} commented at \u003c/span\u003e"},{"lineNumber":24,"author":{"gitId":"-"},"content":"          \u003cspan class\u003d\"ngb-tooltip-class\" style\u003d\"margin-right: .25rem;\" [ngbTooltip]\u003d\"model.originalComment.createdAt | formatDateDetail: model.timezone!\"\u003e"},{"lineNumber":25,"author":{"gitId":"-"},"content":"            {{ model.originalComment.createdAt | formatDateBrief: model.timezone! }}\u003c/span\u003e"},{"lineNumber":26,"author":{"gitId":"-"},"content":"          \u003cng-container *ngIf\u003d\"model.originalComment.lastEditedAt \u0026\u0026 model.originalComment.lastEditedAt !\u003d\u003d model.originalComment.createdAt\"\u003e"},{"lineNumber":27,"author":{"gitId":"-"},"content":"            \u003ci class\u003d\"fas fa-circle dot-xs align-middle\" style\u003d\"margin-right: .25rem;\"\u003e\u003c/i\u003e"},{"lineNumber":28,"author":{"gitId":"-"},"content":"            \u003cspan id\u003d\"last-editor-name\" style\u003d\"margin-right: .25rem;\" class\u003d\"ngb-tooltip-class\""},{"lineNumber":29,"author":{"gitId":"-"},"content":"                  [ngbTooltip]\u003d\"model.originalComment.lastEditedAt | formatDateDetail: model.timezone!\"\u003eedited by {{ model.lastEditorName ? model.lastEditorName : model.originalComment.lastEditorEmail }}\u003c/span\u003e"},{"lineNumber":30,"author":{"gitId":"-"},"content":"          \u003c/ng-container\u003e"},{"lineNumber":31,"author":{"gitId":"yuanxi1"},"content":"        \u003c/ng-container\u003e"},{"lineNumber":32,"author":{"gitId":"-"},"content":""},{"lineNumber":33,"author":{"gitId":"-"},"content":"        \u003ci class\u003d\"fa fa-eye\" aria-hidden\u003d\"true\" ngbTooltip\u003d\"This response comment is visible to {{ visibilityStateMachine.getVisibilityTypesUnderVisibilityControl(CommentVisibilityControl.SHOW_COMMENT) | commentVisibilityTypesJointName }}\"\u003e\u003c/i\u003e"},{"lineNumber":34,"author":{"gitId":"-"},"content":""},{"lineNumber":35,"author":{"gitId":"-"},"content":"        \u003cdiv class\u003d\"float-end\"\u003e"},{"lineNumber":36,"author":{"gitId":"-"},"content":"          \u003cbutton type\u003d\"button\" class\u003d\"btn-edit-comment btn btn-outline-primary btn-sm\" *ngIf\u003d\"!shouldHideEditButton\" ngbTooltip\u003d\u0027Edit this comment\u0027"},{"lineNumber":37,"author":{"gitId":"-"},"content":"                  (click)\u003d\"triggerModelChange(\u0027isEditing\u0027, true)\" [disabled]\u003d\"isDisabled\"\u003e\u003ci class\u003d\"fas fa-pencil-alt\"\u003e\u003c/i\u003e\u003c/button\u003e"},{"lineNumber":38,"author":{"gitId":"-"},"content":"          \u003cbutton type\u003d\"button\" class\u003d\"btn-delete-comment btn btn-outline-primary btn-sm btn-margin-left\" *ngIf\u003d\"!shouldHideDeleteButton\" ngbTooltip\u003d\u0027Delete this comment\u0027"},{"lineNumber":39,"author":{"gitId":"-"},"content":"                  (click)\u003d\"triggerDeleteCommentEvent()\" [disabled]\u003d\"isDisabled\"\u003e\u003ci class\u003d\"fas fa-trash\"\u003e\u003c/i\u003e\u003c/button\u003e"},{"lineNumber":40,"author":{"gitId":"-"},"content":"        \u003c/div\u003e"},{"lineNumber":41,"author":{"gitId":"-"},"content":"      \u003c/div\u003e"},{"lineNumber":42,"author":{"gitId":"-"},"content":"      \u003cdiv class\u003d\"comment-text col-12\" [innerHTML]\u003d\"model.originalComment.commentText | safeHtml\"\u003e\u003c/div\u003e"},{"lineNumber":43,"author":{"gitId":"-"},"content":"    \u003c/div\u003e"},{"lineNumber":44,"author":{"gitId":"-"},"content":"  \u003c/div\u003e"},{"lineNumber":45,"author":{"gitId":"-"},"content":"\u003c/div\u003e"}],"authorContributionMap":{"yuanxi1":2,"-":43}},{"path":"src/web/app/components/session-edit-form/session-edit-form.component.html","fileType":"html","lines":[{"lineNumber":1,"author":{"gitId":"-"},"content":"\u003cdiv id\u003d\"session-edit-form\" class\u003d\"card card-plain\"\u003e"},{"lineNumber":2,"author":{"gitId":"-"},"content":"  \u003cdiv class\u003d\"close-header\" *ngIf\u003d\"formMode \u003d\u003d\u003d SessionEditFormMode.ADD\"\u003e"},{"lineNumber":3,"author":{"gitId":"-"},"content":"    \u003cbutton type\u003d\"button\" class\u003d\"btn-close\" aria-label\u003d\"Close\" (click)\u003d\"closeEditFormHandler()\"\u003e\u003c/button\u003e"},{"lineNumber":4,"author":{"gitId":"-"},"content":"  \u003c/div\u003e"},{"lineNumber":5,"author":{"gitId":"-"},"content":"  \u003cdiv class\u003d\"card-body\"\u003e"},{"lineNumber":6,"author":{"gitId":"-"},"content":"    \u003cdiv class\u003d\"row\" *ngIf\u003d\"formMode \u003d\u003d\u003d SessionEditFormMode.ADD\"\u003e"},{"lineNumber":7,"author":{"gitId":"-"},"content":"      \u003cdiv class\u003d\"col-lg-7\"\u003e"},{"lineNumber":8,"author":{"gitId":"-"},"content":"        \u003cdiv class\u003d\"row mb-2\"\u003e"},{"lineNumber":9,"author":{"gitId":"-"},"content":"          \u003cdiv class\u003d\"col-12 col-sm-3 session-heading-text\"\u003e"},{"lineNumber":10,"author":{"gitId":"-"},"content":"            \u003ch5\u003eCreate new\u003c/h5\u003e"},{"lineNumber":11,"author":{"gitId":"-"},"content":"          \u003c/div\u003e"},{"lineNumber":12,"author":{"gitId":"-"},"content":"          \u003cdiv class\u003d\"col-12 col-sm-9 create-new-dropdown-div\"\u003e"},{"lineNumber":13,"author":{"gitId":"-"},"content":"            \u003cselect id\u003d\"session-type\" class\u003d\"form-control form-select\" [ngModel]\u003d\"model.templateSessionName\" (ngModelChange)\u003d\"triggerModelChange(\u0027templateSessionName\u0027, $event)\"\u003e"},{"lineNumber":14,"author":{"gitId":"-"},"content":"              \u003coption *ngFor\u003d\"let templateSession of templateSessions\" [ngValue]\u003d\"templateSession.name\"\u003e{{ templateSession.name }}\u003c/option\u003e"},{"lineNumber":15,"author":{"gitId":"-"},"content":"            \u003c/select\u003e"},{"lineNumber":16,"author":{"gitId":"-"},"content":"            \u003ca type\u003d\"button\" class\u003d\"btn btn-link\" tmRouterLink\u003d\"/web/instructor/help\" [queryParams]\u003d\"{ questionId: \u0027sessions\u0027, section: \u0027sessions\u0027 }\" target\u003d\"_blank\" aria-label\u003d\"Help for feedback sessions\"\u003e\u003ci class\u003d\"fas fa-info-circle\"\u003e\u003c/i\u003e\u003c/a\u003e"},{"lineNumber":17,"author":{"gitId":"-"},"content":"          \u003c/div\u003e"},{"lineNumber":18,"author":{"gitId":"-"},"content":"        \u003c/div\u003e"},{"lineNumber":19,"author":{"gitId":"-"},"content":"      \u003c/div\u003e"},{"lineNumber":20,"author":{"gitId":"-"},"content":"      \u003cdiv class\u003d\"col-lg-5\"\u003e"},{"lineNumber":21,"author":{"gitId":"-"},"content":"        \u003cdiv class\u003d\"row\"\u003e"},{"lineNumber":22,"author":{"gitId":"-"},"content":"          \u003cdiv class\u003d\"col-12 col-sm-3 col-lg-1 session-heading-text\"\u003e"},{"lineNumber":23,"author":{"gitId":"-"},"content":"            \u003ch5\u003eOr\u003c/h5\u003e"},{"lineNumber":24,"author":{"gitId":"-"},"content":"          \u003c/div\u003e"},{"lineNumber":25,"author":{"gitId":"-"},"content":"          \u003cdiv class\u003d\"col-12 col-sm-9 col-lg-11 text-md-start\"\u003e"},{"lineNumber":26,"author":{"gitId":"-"},"content":"            \u003cbutton id\u003d\"btn-copy-session\" type\u003d\"button\" class\u003d\"btn btn-info\" (click)\u003d\"copyOthersHandler()\"\u003e"},{"lineNumber":27,"author":{"gitId":"-"},"content":"              \u003cspan\u003eCopy from previous feedback sessions\u003c/span\u003e"},{"lineNumber":28,"author":{"gitId":"-"},"content":"              \u003cdiv class\u003d\"padding-left-7px\"\u003e"},{"lineNumber":29,"author":{"gitId":"-"},"content":"                \u003ctm-ajax-loading *ngIf\u003d\"isCopyOtherSessionLoading\"\u003e\u003c/tm-ajax-loading\u003e"},{"lineNumber":30,"author":{"gitId":"-"},"content":"              \u003c/div\u003e"},{"lineNumber":31,"author":{"gitId":"-"},"content":"            \u003c/button\u003e"},{"lineNumber":32,"author":{"gitId":"-"},"content":"          \u003c/div\u003e"},{"lineNumber":33,"author":{"gitId":"-"},"content":"        \u003c/div\u003e"},{"lineNumber":34,"author":{"gitId":"-"},"content":"      \u003c/div\u003e"},{"lineNumber":35,"author":{"gitId":"-"},"content":"    \u003c/div\u003e"},{"lineNumber":36,"author":{"gitId":"-"},"content":"    \u003cdiv class\u003d\"row\" *ngIf\u003d\"formMode \u003d\u003d\u003d SessionEditFormMode.EDIT\"\u003e"},{"lineNumber":37,"author":{"gitId":"-"},"content":"      \u003cdiv class\u003d\"col-12 text-center text-md-end session-form-buttons\"\u003e"},{"lineNumber":38,"author":{"gitId":"-"},"content":"        \u003cbutton id\u003d\"btn-fs-edit\" type\u003d\"button\" class\u003d\"btn btn-primary\" (click)\u003d\"triggerModelChange(\u0027isEditable\u0027, true)\" *ngIf\u003d\"formMode \u003d\u003d\u003d SessionEditFormMode.EDIT \u0026\u0026 !model.isEditable \u0026\u0026 !model.isSaving\"\u003e\u003ci class\u003d\"fas fa-pencil-alt\"\u003e\u003c/i\u003e Edit\u003c/button\u003e"},{"lineNumber":39,"author":{"gitId":"-"},"content":"        \u003cbutton id\u003d\"btn-fs-save\" type\u003d\"button\" class\u003d\"btn btn-primary\" (click)\u003d\"submitFormHandler()\" [disabled]\u003d\"model.isSaving\" *ngIf\u003d\"model.isEditable || model.isSaving\"\u003e\u003ctm-ajax-loading *ngIf\u003d\"model.isSaving\"\u003e\u003c/tm-ajax-loading\u003e \u003ci class\u003d\"fas fa-check\"\u003e\u003c/i\u003e Save\u003c/button\u003e"},{"lineNumber":40,"author":{"gitId":"-"},"content":"        \u003cbutton type\u003d\"button\" class\u003d\"btn btn-primary\" ngbTooltip\u003d\"Discard changes to the feedback session\" (click)\u003d\"cancelHandler()\" *ngIf\u003d\"model.isEditable\" [disabled]\u003d\"model.isSaving\"\u003e\u003ci class\u003d\"fas fa-ban\"\u003e\u003c/i\u003e Cancel\u003c/button\u003e"},{"lineNumber":41,"author":{"gitId":"-"},"content":"        \u003cbutton id\u003d\"btn-fs-delete\" type\u003d\"button\" class\u003d\"btn btn-primary\" ngbTooltip\u003d\"Delete the feedback session\" (click)\u003d\"deleteHandler()\" [disabled]\u003d\"model.isSaving\"\u003e\u003ctm-ajax-loading *ngIf\u003d\"model.isDeleting\"\u003e\u003c/tm-ajax-loading\u003e\u003ci class\u003d\"fas fa-trash\"\u003e\u003c/i\u003e Delete\u003c/button\u003e"},{"lineNumber":42,"author":{"gitId":"-"},"content":"        \u003cbutton id\u003d\"btn-fs-copy\" type\u003d\"button\" class\u003d\"btn btn-primary\" ngbTooltip\u003d\"Copy this feedback session to other courses\" (click)\u003d\"copyHandler()\" [disabled]\u003d\"model.isSaving\"\u003e\u003ctm-ajax-loading *ngIf\u003d\"model.isCopying\"\u003e\u003c/tm-ajax-loading\u003e\u003ci class\u003d\"far fa-copy\"\u003e\u003c/i\u003e Copy\u003c/button\u003e"},{"lineNumber":43,"author":{"gitId":"-"},"content":"      \u003c/div\u003e"},{"lineNumber":44,"author":{"gitId":"-"},"content":"    \u003c/div\u003e"},{"lineNumber":45,"author":{"gitId":"-"},"content":""},{"lineNumber":46,"author":{"gitId":"-"},"content":"    \u003cdiv class\u003d\"card border-primary margin-top-20px\"\u003e"},{"lineNumber":47,"author":{"gitId":"-"},"content":"      \u003cdiv class\u003d\"card-body\"\u003e"},{"lineNumber":48,"author":{"gitId":"-"},"content":"        \u003cdiv class\u003d\"row text-center\"\u003e"},{"lineNumber":49,"author":{"gitId":"-"},"content":"          \u003cdiv class\u003d\"col-md-2 text-md-end font-bold\" [ngClass]\u003d\"{\u0027col-form-label\u0027: formMode \u003d\u003d\u003d SessionEditFormMode.ADD}\"\u003e"},{"lineNumber":50,"author":{"gitId":"-"},"content":"            \u003cspan class\u003d\"ngb-tooltip-class\" ngbTooltip\u003d\"Course for which the feedback session is for.\"\u003eCourse ID\u003c/span\u003e"},{"lineNumber":51,"author":{"gitId":"-"},"content":"          \u003c/div\u003e"},{"lineNumber":52,"author":{"gitId":"-"},"content":"          \u003cdiv class\u003d\"col-md-auto text-md-start\"\u003e"},{"lineNumber":53,"author":{"gitId":"-"},"content":"            \u003cdiv *ngIf\u003d\"formMode \u003d\u003d\u003d SessionEditFormMode.ADD\"\u003e"},{"lineNumber":54,"author":{"gitId":"-"},"content":"              \u003cselect id\u003d\"add-course-id\" class\u003d\"form-control form-select\" [ngClass]\u003d\"{\u0027is-invalid\u0027: courseCandidates.length \u003d\u003d\u003d 0}\" [ngModel]\u003d\"model.courseId\" (ngModelChange)\u003d\"courseIdChangeHandler($event)\" [disabled]\u003d\"courseCandidates.length \u003d\u003d\u003d 0\"\u003e"},{"lineNumber":55,"author":{"gitId":"-"},"content":"                \u003coption *ngFor\u003d\"let course of courseCandidates\" [ngValue]\u003d\"course.courseId\"\u003e{{ course.courseId }}\u003c/option\u003e"},{"lineNumber":56,"author":{"gitId":"-"},"content":"              \u003c/select\u003e"},{"lineNumber":57,"author":{"gitId":"-"},"content":"              \u003cdiv class\u003d\"invalid-feedback\" *ngIf\u003d\"courseCandidates.length \u003d\u003d\u003d 0\"\u003e"},{"lineNumber":58,"author":{"gitId":"-"},"content":"                There is no un-archived course."},{"lineNumber":59,"author":{"gitId":"-"},"content":"              \u003c/div\u003e"},{"lineNumber":60,"author":{"gitId":"-"},"content":"            \u003c/div\u003e"},{"lineNumber":61,"author":{"gitId":"-"},"content":"            \u003cdiv id\u003d\"edit-course-id\" *ngIf\u003d\"formMode \u003d\u003d\u003d SessionEditFormMode.EDIT\"\u003e {{ model.courseId }} \u003c/div\u003e"},{"lineNumber":62,"author":{"gitId":"-"},"content":"          \u003c/div\u003e"},{"lineNumber":63,"author":{"gitId":"-"},"content":"        \u003c/div\u003e"},{"lineNumber":64,"author":{"gitId":"-"},"content":"        \u003cbr/\u003e"},{"lineNumber":65,"author":{"gitId":"-"},"content":"        \u003cdiv class\u003d\"row text-center\"\u003e"},{"lineNumber":66,"author":{"gitId":"-"},"content":"          \u003cdiv class\u003d\"col-md-2 text-md-end font-bold\" [ngClass]\u003d\"{\u0027col-form-label\u0027: formMode \u003d\u003d\u003d SessionEditFormMode.ADD}\"\u003e"},{"lineNumber":67,"author":{"gitId":"-"},"content":"            Time Zone"},{"lineNumber":68,"author":{"gitId":"-"},"content":"          \u003c/div\u003e"},{"lineNumber":69,"author":{"gitId":"-"},"content":"          \u003cdiv id\u003d\"time-zone\" class\u003d\"col-md-3 text-md-start\" [ngClass]\u003d\"{\u0027col-form-label\u0027: formMode \u003d\u003d\u003d SessionEditFormMode.ADD}\"\u003e"},{"lineNumber":70,"author":{"gitId":"-"},"content":"            \u003cspan class\u003d\"ngb-tooltip-class\" ngbTooltip\u003d\"To change this, edit the course settings. TEAMMATES automatically adjusts to match the current time offset in your area, including clock changes due to daylight saving time.\"\u003e{{ model.timeZone }}\u003c/span\u003e"},{"lineNumber":71,"author":{"gitId":"-"},"content":"          \u003c/div\u003e"},{"lineNumber":72,"author":{"gitId":"-"},"content":"        \u003c/div\u003e"},{"lineNumber":73,"author":{"gitId":"-"},"content":"        \u003cbr/\u003e"},{"lineNumber":74,"author":{"gitId":"-"},"content":"        \u003cdiv class\u003d\"row text-center\"\u003e"},{"lineNumber":75,"author":{"gitId":"-"},"content":"          \u003cdiv class\u003d\"col-md-2 text-md-end font-bold\"\u003e"},{"lineNumber":76,"author":{"gitId":"-"},"content":"            Course Name"},{"lineNumber":77,"author":{"gitId":"-"},"content":"          \u003c/div\u003e"},{"lineNumber":78,"author":{"gitId":"-"},"content":"          \u003cdiv id\u003d\"course-name\" class\u003d\"col-md-10 text-md-start\"\u003e"},{"lineNumber":79,"author":{"gitId":"-"},"content":"            {{ model.courseName }}"},{"lineNumber":80,"author":{"gitId":"-"},"content":"          \u003c/div\u003e"},{"lineNumber":81,"author":{"gitId":"-"},"content":"        \u003c/div\u003e"},{"lineNumber":82,"author":{"gitId":"-"},"content":"        \u003cbr/\u003e"},{"lineNumber":83,"author":{"gitId":"-"},"content":"        \u003cdiv class\u003d\"row text-center\"\u003e"},{"lineNumber":84,"author":{"gitId":"-"},"content":"          \u003cdiv class\u003d\"col-md-2 text-md-end font-bold\"\u003e"},{"lineNumber":85,"author":{"gitId":"-"},"content":"            \u003cspan *ngIf\u003d\"formMode \u003d\u003d\u003d SessionEditFormMode.ADD\" class\u003d\"ngb-tooltip-class\" ngbTooltip\u003d\"Enter the name of the feedback session e.g. Feedback Session 1.\"\u003eSession Name*\u003c/span\u003e"},{"lineNumber":86,"author":{"gitId":"-"},"content":"            \u003cspan *ngIf\u003d\"formMode !\u003d\u003d SessionEditFormMode.ADD\"\u003eSession Name\u003c/span\u003e"},{"lineNumber":87,"author":{"gitId":"-"},"content":"          \u003c/div\u003e"},{"lineNumber":88,"author":{"gitId":"-"},"content":"          \u003cdiv class\u003d\"col-md-10 text-md-start\"\u003e"},{"lineNumber":89,"author":{"gitId":"-"},"content":"            \u003cdiv *ngIf\u003d\"formMode \u003d\u003d\u003d SessionEditFormMode.ADD\"\u003e"},{"lineNumber":90,"author":{"gitId":"-"},"content":"              \u003cinput id\u003d\"add-session-name\" type\u003d\"text\" class\u003d\"form-control\" [ngModel]\u003d\"model.feedbackSessionName\" (ngModelChange)\u003d\"triggerModelChange(\u0027feedbackSessionName\u0027, $event)\" placeholder\u003d\"e.g. Feedback for Project Presentation 1\" maxlength\u003d\"64\" required #sessionName\u003d\"ngModel\" /\u003e"},{"lineNumber":91,"author":{"gitId":"-"},"content":"              \u003cdiv [hidden]\u003d\"sessionName.valid || (sessionName.pristine \u0026\u0026 sessionName.untouched)\" class\u003d\"invalid-field\"\u003e"},{"lineNumber":92,"author":{"gitId":"-"},"content":"                \u003ci class\u003d\"fa fa-exclamation-circle\" aria-hidden\u003d\"true\"\u003e\u003c/i\u003e"},{"lineNumber":93,"author":{"gitId":"-"},"content":"                The field Session Name should not be empty."},{"lineNumber":94,"author":{"gitId":"-"},"content":"              \u003c/div\u003e"},{"lineNumber":95,"author":{"gitId":"-"},"content":"              \u003cdiv\u003e"},{"lineNumber":96,"author":{"gitId":"-"},"content":"                {{FEEDBACK_SESSION_NAME_MAX_LENGTH - model.feedbackSessionName.length}} characters left"},{"lineNumber":97,"author":{"gitId":"-"},"content":"              \u003c/div\u003e"},{"lineNumber":98,"author":{"gitId":"-"},"content":"            \u003c/div\u003e"},{"lineNumber":99,"author":{"gitId":"-"},"content":"            \u003cdiv id\u003d\"edit-session-name\" *ngIf\u003d\"formMode \u003d\u003d\u003d SessionEditFormMode.EDIT\"\u003e {{ model.feedbackSessionName }} \u003c/div\u003e"},{"lineNumber":100,"author":{"gitId":"-"},"content":"          \u003c/div\u003e"},{"lineNumber":101,"author":{"gitId":"-"},"content":"        \u003c/div\u003e"},{"lineNumber":102,"author":{"gitId":"-"},"content":"        \u003cbr/\u003e"},{"lineNumber":103,"author":{"gitId":"-"},"content":"        \u003cdiv class\u003d\"row text-center\"\u003e"},{"lineNumber":104,"author":{"gitId":"-"},"content":"          \u003cdiv class\u003d\"col-md-2 text-md-end font-bold\"\u003e"},{"lineNumber":105,"author":{"gitId":"-"},"content":"            \u003cspan class\u003d\"ngb-tooltip-class\" ngbTooltip\u003d\"Will be displayed at the top of the page when users respond to the session.\"\u003eInstructions\u003c/span\u003e"},{"lineNumber":106,"author":{"gitId":"-"},"content":"          \u003c/div\u003e"},{"lineNumber":107,"author":{"gitId":"-"},"content":"          \u003cdiv class\u003d\"col-md-10 text-md-start\"\u003e"},{"lineNumber":108,"author":{"gitId":"-"},"content":"            \u003ctm-rich-text-editor id\u003d\"instructions\" [richText]\u003d\"model.instructions\" (richTextChange)\u003d\"triggerModelChange(\u0027instructions\u0027, $event)\" [isDisabled]\u003d\"!model.isEditable\" [hasCharacterLimit]\u003d\"true\"\u003e\u003c/tm-rich-text-editor\u003e"},{"lineNumber":109,"author":{"gitId":"-"},"content":"          \u003c/div\u003e"},{"lineNumber":110,"author":{"gitId":"-"},"content":"        \u003c/div\u003e"},{"lineNumber":111,"author":{"gitId":"-"},"content":"        \u003cbr/\u003e"},{"lineNumber":112,"author":{"gitId":"-"},"content":"        \u003cdiv class\u003d\"row text-center\" *ngIf\u003d\"formMode \u003d\u003d\u003d SessionEditFormMode.EDIT\"\u003e"},{"lineNumber":113,"author":{"gitId":"-"},"content":"          \u003cdiv class\u003d\"col-md-2 text-md-end font-bold\"\u003e"},{"lineNumber":114,"author":{"gitId":"-"},"content":"            Submission Status"},{"lineNumber":115,"author":{"gitId":"-"},"content":"          \u003c/div\u003e"},{"lineNumber":116,"author":{"gitId":"-"},"content":"          \u003cdiv id\u003d\"submission-status\" class\u003d\"col-md-4 text-md-start\"\u003e"},{"lineNumber":117,"author":{"gitId":"-"},"content":"            {{ model.submissionStatus | submissionStatusName }}"},{"lineNumber":118,"author":{"gitId":"-"},"content":"          \u003c/div\u003e"},{"lineNumber":119,"author":{"gitId":"-"},"content":"          \u003cdiv class\u003d\"col-md-2 text-md-end font-bold mt-3 mt-md-0\"\u003e"},{"lineNumber":120,"author":{"gitId":"-"},"content":"            Published Status"},{"lineNumber":121,"author":{"gitId":"-"},"content":"          \u003c/div\u003e"},{"lineNumber":122,"author":{"gitId":"-"},"content":"          \u003cdiv id\u003d\"published-status\" class\u003d\"col-md-4 text-md-start\"\u003e"},{"lineNumber":123,"author":{"gitId":"-"},"content":"            {{ model.publishStatus | publishStatusName }}"},{"lineNumber":124,"author":{"gitId":"-"},"content":"          \u003c/div\u003e"},{"lineNumber":125,"author":{"gitId":"-"},"content":"        \u003c/div\u003e"},{"lineNumber":126,"author":{"gitId":"-"},"content":"      \u003c/div\u003e"},{"lineNumber":127,"author":{"gitId":"-"},"content":"    \u003c/div\u003e"},{"lineNumber":128,"author":{"gitId":"-"},"content":""},{"lineNumber":129,"author":{"gitId":"-"},"content":"    \u003cdiv class\u003d\"card border-primary margin-top-20px\"\u003e"},{"lineNumber":130,"author":{"gitId":"-"},"content":"      \u003cdiv class\u003d\"card-body\"\u003e"},{"lineNumber":131,"author":{"gitId":"-"},"content":"        \u003cdiv class\u003d\"row text-center\"\u003e"},{"lineNumber":132,"author":{"gitId":"-"},"content":"          \u003cdiv class\u003d\"col-md-4\"\u003e"},{"lineNumber":133,"author":{"gitId":"-"},"content":"            \u003cdiv class\u003d\"col-12 text-md-start\"\u003e"},{"lineNumber":134,"author":{"gitId":"-"},"content":"              \u003cdiv\u003e"},{"lineNumber":135,"author":{"gitId":"-"},"content":"                \u003clabel class\u003d\"ngb-tooltip-class label-control font-bold\" ngbTooltip\u003d\"Users can start submitting responses.\"\u003e"},{"lineNumber":136,"author":{"gitId":"-"},"content":"                  Submission opening time"},{"lineNumber":137,"author":{"gitId":"-"},"content":"                \u003c/label\u003e"},{"lineNumber":138,"author":{"gitId":"-"},"content":"              \u003c/div\u003e"},{"lineNumber":139,"author":{"gitId":"-"},"content":"            \u003c/div\u003e"},{"lineNumber":140,"author":{"gitId":"-"},"content":"            \u003cdiv class\u003d\"row text-center align-items-center\"\u003e"},{"lineNumber":141,"author":{"gitId":"-"},"content":"              \u003cdiv id\u003d\"submission-start-date\" class\u003d\"col-md-7 col-xs-center\"\u003e"},{"lineNumber":142,"author":{"gitId":"-"},"content":"                \u003ctm-datepicker [isDisabled]\u003d\"!model.isEditable\" (dateChangeCallback)\u003d\"triggerSubmissionOpeningDateModelChange(\u0027submissionStartDate\u0027, $event)\""},{"lineNumber":143,"author":{"gitId":"-"},"content":"                               [minDate]\u003d\"minDateForSubmissionStart\" [maxDate]\u003d\"maxDateForSubmissionStart\""},{"lineNumber":144,"author":{"gitId":"-"},"content":"                               [date]\u003d\"model.submissionStartDate\"\u003e\u003c/tm-datepicker\u003e"},{"lineNumber":145,"author":{"gitId":"-"},"content":"              \u003c/div\u003e"},{"lineNumber":146,"author":{"gitId":"-"},"content":"              \u003cdiv class\u003d\"col-md-5\"\u003e"},{"lineNumber":147,"author":{"gitId":"-"},"content":"                \u003ctm-timepicker id\u003d\"submission-start-time\" [isDisabled]\u003d\"!model.isEditable\" (timeChange)\u003d\"triggerModelChange(\u0027submissionStartTime\u0027, $event)\""},{"lineNumber":148,"author":{"gitId":"-"},"content":"                               [minDate]\u003d\"minDateForSubmissionStart\" [maxDate]\u003d\"maxDateForSubmissionStart\""},{"lineNumber":149,"author":{"gitId":"-"},"content":"                               [date]\u003d\"model.submissionStartDate\""},{"lineNumber":150,"author":{"gitId":"-"},"content":"                               [minTime]\u003d\"minTimeForSubmissionStart\" [maxTime]\u003d\"maxTimeForSubmissionStart\""},{"lineNumber":151,"author":{"gitId":"-"},"content":"                               [time]\u003d\"model.submissionStartTime\"\u003e\u003c/tm-timepicker\u003e"},{"lineNumber":152,"author":{"gitId":"-"},"content":"              \u003c/div\u003e"},{"lineNumber":153,"author":{"gitId":"-"},"content":"            \u003c/div\u003e"},{"lineNumber":154,"author":{"gitId":"-"},"content":"          \u003c/div\u003e"},{"lineNumber":155,"author":{"gitId":"-"},"content":"          \u003cdiv class\u003d\"col-md-4 border-left-gray\"\u003e"},{"lineNumber":156,"author":{"gitId":"-"},"content":"            \u003cdiv class\u003d\"row text-center\"\u003e"},{"lineNumber":157,"author":{"gitId":"-"},"content":"              \u003cdiv class\u003d\"col-12 text-md-start ms-md-2\"\u003e"},{"lineNumber":158,"author":{"gitId":"-"},"content":"                \u003clabel class\u003d\"ngb-tooltip-class label-control font-bold\" ngbTooltip\u003d\"No more submissions from users.\"\u003e"},{"lineNumber":159,"author":{"gitId":"-"},"content":"                  Submission closing time"},{"lineNumber":160,"author":{"gitId":"-"},"content":"                \u003c/label\u003e"},{"lineNumber":161,"author":{"gitId":"-"},"content":"              \u003c/div\u003e"},{"lineNumber":162,"author":{"gitId":"-"},"content":"            \u003c/div\u003e"},{"lineNumber":163,"author":{"gitId":"-"},"content":"            \u003cdiv class\u003d\"row align-items-center\"\u003e"},{"lineNumber":164,"author":{"gitId":"-"},"content":"              \u003cdiv id\u003d\"submission-end-date\" class\u003d\"col-md-7 col-xs-center\"\u003e"},{"lineNumber":165,"author":{"gitId":"-"},"content":"                \u003ctm-datepicker [isDisabled]\u003d\"!model.isEditable\" (dateChangeCallback)\u003d\"triggerModelChange(\u0027submissionEndDate\u0027, $event)\""},{"lineNumber":166,"author":{"gitId":"-"},"content":"                               [minDate]\u003d\"minDateForSubmissionEnd\" [maxDate]\u003d\"maxDateForSubmissionEnd\""},{"lineNumber":167,"author":{"gitId":"-"},"content":"                               [date]\u003d\"model.submissionEndDate\"\u003e\u003c/tm-datepicker\u003e"},{"lineNumber":168,"author":{"gitId":"-"},"content":"              \u003c/div\u003e"},{"lineNumber":169,"author":{"gitId":"-"},"content":"              \u003cdiv class\u003d\"col-md-5\"\u003e"},{"lineNumber":170,"author":{"gitId":"-"},"content":"                \u003ctm-timepicker id\u003d\"submission-end-time\" [isDisabled]\u003d\"!model.isEditable\" (timeChange)\u003d\"triggerModelChange(\u0027submissionEndTime\u0027, $event)\""},{"lineNumber":171,"author":{"gitId":"-"},"content":"                               [minDate]\u003d\"minDateForSubmissionEnd\" [maxDate]\u003d\"maxDateForSubmissionEnd\""},{"lineNumber":172,"author":{"gitId":"-"},"content":"                               [date]\u003d\"model.submissionEndDate\""},{"lineNumber":173,"author":{"gitId":"-"},"content":"                               [minTime]\u003d\"minTimeForSubmissionEnd\" [maxTime]\u003d\"maxTimeForSubmissionEnd\""},{"lineNumber":174,"author":{"gitId":"-"},"content":"                               [time]\u003d\"model.submissionEndTime\"\u003e\u003c/tm-timepicker\u003e"},{"lineNumber":175,"author":{"gitId":"-"},"content":"              \u003c/div\u003e"},{"lineNumber":176,"author":{"gitId":"-"},"content":"            \u003c/div\u003e"},{"lineNumber":177,"author":{"gitId":"-"},"content":"          \u003c/div\u003e"},{"lineNumber":178,"author":{"gitId":"-"},"content":"          \u003cdiv class\u003d\"col-md-4 border-left-gray\"\u003e"},{"lineNumber":179,"author":{"gitId":"-"},"content":"            \u003cdiv class\u003d\"row text-center\"\u003e"},{"lineNumber":180,"author":{"gitId":"nknguyenhc"},"content":"              \u003cdiv class\u003d\"col-12 text-md-start ms-md-2\"\u003e"},{"lineNumber":181,"author":{"gitId":"nknguyenhc"},"content":"                \u003clabel for\u003d\"grace-period\" class\u003d\"ngb-tooltip-class control-label font-bold\" ngbTooltip\u003d\"Amount of time the system will continue accepting submissions after the specified deadline.\"\u003e"},{"lineNumber":182,"author":{"gitId":"-"},"content":"                  Grace period"},{"lineNumber":183,"author":{"gitId":"-"},"content":"                \u003c/label\u003e"},{"lineNumber":184,"author":{"gitId":"-"},"content":"              \u003c/div\u003e"},{"lineNumber":185,"author":{"gitId":"-"},"content":"            \u003c/div\u003e"},{"lineNumber":186,"author":{"gitId":"-"},"content":"            \u003cdiv class\u003d\"row text-center\"\u003e"},{"lineNumber":187,"author":{"gitId":"-"},"content":"              \u003cdiv class\u003d\"col-12\"\u003e"},{"lineNumber":188,"author":{"gitId":"-"},"content":"                \u003cselect id\u003d\"grace-period\" class\u003d\"form-control form-select\" [ngModel]\u003d\"model.gracePeriod\" (ngModelChange)\u003d\"triggerModelChange(\u0027gracePeriod\u0027, $event)\" [disabled]\u003d\"!model.isEditable\"\u003e"},{"lineNumber":189,"author":{"gitId":"-"},"content":"                  \u003coption *ngFor\u003d\"let graceMinute of [0, 5, 10, 15, 20, 25, 30]\" [ngValue]\u003d\"graceMinute\"\u003e{{ graceMinute + \u0027 min\u0027}}\u003c/option\u003e"},{"lineNumber":190,"author":{"gitId":"-"},"content":"                \u003c/select\u003e"},{"lineNumber":191,"author":{"gitId":"-"},"content":"              \u003c/div\u003e"},{"lineNumber":192,"author":{"gitId":"-"},"content":"            \u003c/div\u003e"},{"lineNumber":193,"author":{"gitId":"-"},"content":"            \u003cdiv class\u003d\"row\"\u003e"},{"lineNumber":194,"author":{"gitId":"-"},"content":"              \u003ca class\u003d\"ps-3 pt-2\""},{"lineNumber":195,"author":{"gitId":"-"},"content":"                *ngIf\u003d\"formMode !\u003d\u003d SessionEditFormMode.ADD\""},{"lineNumber":196,"author":{"gitId":"-"},"content":"                tmRouterLink\u003d\"/web/instructor/sessions/individual-extension\""},{"lineNumber":197,"author":{"gitId":"-"},"content":"                [queryParams]\u003d\"{ courseid: model.courseId, fsname: model.feedbackSessionName, preselectnonsubmitters: false }\"\u003e"},{"lineNumber":198,"author":{"gitId":"-"},"content":"                Individual Deadline Extensions"},{"lineNumber":199,"author":{"gitId":"-"},"content":"                \u003ci class\u003d\"fas fa-edit\"\u003e\u003c/i\u003e"},{"lineNumber":200,"author":{"gitId":"-"},"content":"              \u003c/a\u003e"},{"lineNumber":201,"author":{"gitId":"-"},"content":"              \u003ca class\u003d\"ps-3 pt-2 disabled-link ngb-tooltip-class\""},{"lineNumber":202,"author":{"gitId":"-"},"content":"                *ngIf\u003d\"formMode \u003d\u003d\u003d SessionEditFormMode.ADD\""},{"lineNumber":203,"author":{"gitId":"-"},"content":"                ngbTooltip\u003d\"You must save the new session before setting individual deadline extensions\"\u003e"},{"lineNumber":204,"author":{"gitId":"-"},"content":"                Individual Deadline Extensions"},{"lineNumber":205,"author":{"gitId":"-"},"content":"                \u003ci class\u003d\"fas fa-edit\"\u003e\u003c/i\u003e"},{"lineNumber":206,"author":{"gitId":"-"},"content":"              \u003c/a\u003e"},{"lineNumber":207,"author":{"gitId":"-"},"content":"            \u003c/div\u003e"},{"lineNumber":208,"author":{"gitId":"-"},"content":"          \u003c/div\u003e"},{"lineNumber":209,"author":{"gitId":"-"},"content":"        \u003c/div\u003e"},{"lineNumber":210,"author":{"gitId":"-"},"content":"      \u003c/div\u003e"},{"lineNumber":211,"author":{"gitId":"-"},"content":"    \u003c/div\u003e"},{"lineNumber":212,"author":{"gitId":"-"},"content":""},{"lineNumber":213,"author":{"gitId":"-"},"content":"    \u003cdiv *ngIf\u003d\"!model.hasVisibleSettingsPanelExpanded\" class\u003d\"margin-top-20px\"\u003e"},{"lineNumber":214,"author":{"gitId":"-"},"content":"      \u003cspan class\u003d\"text-muted\"\u003eSession is visible at submission opening time, responses are only visible when you publish the results.\u003c/span\u003e"},{"lineNumber":215,"author":{"gitId":"-"},"content":"      \u003cbutton id\u003d\"btn-change-visibility\" type\u003d\"button\" class\u003d\"btn btn-link\" (click)\u003d\"triggerModelChange(\u0027hasVisibleSettingsPanelExpanded\u0027, true)\" [disabled]\u003d\"!model.isEditable\"\u003e[Change]\u003c/button\u003e"},{"lineNumber":216,"author":{"gitId":"-"},"content":"    \u003c/div\u003e"},{"lineNumber":217,"author":{"gitId":"-"},"content":"    \u003cdiv class\u003d\"card border-primary margin-top-20px\" *ngIf\u003d\"model.hasVisibleSettingsPanelExpanded\" @collapseAnim\u003e"},{"lineNumber":218,"author":{"gitId":"-"},"content":"      \u003cdiv class\u003d\"card-body\"\u003e"},{"lineNumber":219,"author":{"gitId":"-"},"content":"        \u003cdiv class\u003d\"row align-items-start\"\u003e"},{"lineNumber":220,"author":{"gitId":"-"},"content":"          \u003cdiv class\u003d\"col-md-6 text-center text-md-start\"\u003e"},{"lineNumber":221,"author":{"gitId":"-"},"content":"            \u003cdiv class\u003d\"row ms-md-1\"\u003e"},{"lineNumber":222,"author":{"gitId":"-"},"content":"              \u003cdiv class\u003d\"col-12\"\u003e"},{"lineNumber":223,"author":{"gitId":"-"},"content":"                \u003clabel class\u003d\"ngb-tooltip-class label-control font-bold\" ngbTooltip\u003d\"Session can be visible before it is open for submissions so that users can preview the questions.\"\u003eMake session visible \u003c/label\u003e"},{"lineNumber":224,"author":{"gitId":"-"},"content":"              \u003c/div\u003e"},{"lineNumber":225,"author":{"gitId":"-"},"content":"            \u003c/div\u003e"},{"lineNumber":226,"author":{"gitId":"-"},"content":"            \u003cdiv class\u003d\"row mt-md-2 ms-md-1\"\u003e"},{"lineNumber":227,"author":{"gitId":"-"},"content":"              \u003cdiv class\u003d\"col-md-2 mt-md-1\"\u003e"},{"lineNumber":228,"author":{"gitId":"-"},"content":"                \u003cdiv class\u003d\"form-check\"\u003e"},{"lineNumber":229,"author":{"gitId":"-"},"content":"                  \u003clabel class\u003d\"form-check-label\"\u003e"},{"lineNumber":230,"author":{"gitId":"-"},"content":"                    \u003cinput id\u003d\"session-visibility-custom\" class\u003d\"form-check-input\" type\u003d\"radio\" name\u003d\"sessionVisibleRadio\" [value]\u003d\"SessionVisibleSetting.CUSTOM\" [ngModel]\u003d\"model.sessionVisibleSetting\" (ngModelChange)\u003d\"triggerModelChange(\u0027sessionVisibleSetting\u0027, $event)\" [disabled]\u003d\"!model.isEditable\"\u003e"},{"lineNumber":231,"author":{"gitId":"-"},"content":"                    At"},{"lineNumber":232,"author":{"gitId":"-"},"content":"                  \u003c/label\u003e"},{"lineNumber":233,"author":{"gitId":"-"},"content":"                \u003c/div\u003e"},{"lineNumber":234,"author":{"gitId":"-"},"content":"              \u003c/div\u003e"},{"lineNumber":235,"author":{"gitId":"-"},"content":"              \u003cdiv id\u003d\"session-visibility-date\" class\u003d\"col-md-6\"\u003e"},{"lineNumber":236,"author":{"gitId":"-"},"content":"                \u003ctm-datepicker [isDisabled]\u003d\"model.sessionVisibleSetting !\u003d\u003d SessionVisibleSetting.CUSTOM || !model.isEditable\""},{"lineNumber":237,"author":{"gitId":"-"},"content":"                               (dateChangeCallback)\u003d\"triggerModelChange(\u0027customSessionVisibleDate\u0027, $event)\""},{"lineNumber":238,"author":{"gitId":"-"},"content":"                               [minDate]\u003d\"minDateForSessionVisible\" [maxDate]\u003d\"maxDateForSessionVisible\""},{"lineNumber":239,"author":{"gitId":"-"},"content":"                               [date]\u003d\"model.customSessionVisibleDate\"\u003e\u003c/tm-datepicker\u003e"},{"lineNumber":240,"author":{"gitId":"-"},"content":"              \u003c/div\u003e"},{"lineNumber":241,"author":{"gitId":"-"},"content":"              \u003cdiv class\u003d\"col-md-4\"\u003e"},{"lineNumber":242,"author":{"gitId":"-"},"content":"                \u003ctm-timepicker id\u003d\"session-visibility-time\" [isDisabled]\u003d\"model.sessionVisibleSetting !\u003d\u003d SessionVisibleSetting.CUSTOM || !model.isEditable\" (timeChange)\u003d\"triggerModelChange(\u0027customSessionVisibleTime\u0027, $event)\""},{"lineNumber":243,"author":{"gitId":"-"},"content":"                               [minDate]\u003d\"minDateForSessionVisible\" [maxDate]\u003d\"maxDateForSessionVisible\""},{"lineNumber":244,"author":{"gitId":"-"},"content":"                               [date]\u003d\"model.customSessionVisibleDate\""},{"lineNumber":245,"author":{"gitId":"-"},"content":"                               [minTime]\u003d\"minTimeForSessionVisible\" [maxTime]\u003d\"maxTimeForSessionVisible\""},{"lineNumber":246,"author":{"gitId":"-"},"content":"                               [time]\u003d\"model.customSessionVisibleTime\" \u003e\u003c/tm-timepicker\u003e"},{"lineNumber":247,"author":{"gitId":"-"},"content":"              \u003c/div\u003e"},{"lineNumber":248,"author":{"gitId":"-"},"content":"            \u003c/div\u003e"},{"lineNumber":249,"author":{"gitId":"-"},"content":"            \u003cdiv class\u003d\"row mt-md-1 ms-md-3\"\u003e"},{"lineNumber":250,"author":{"gitId":"-"},"content":"              \u003cdiv class\u003d\"col-12 form-check\"\u003e"},{"lineNumber":251,"author":{"gitId":"-"},"content":"                \u003clabel class\u003d\"form-check-label\"\u003e"},{"lineNumber":252,"author":{"gitId":"-"},"content":"                  \u003cinput id\u003d\"session-visibility-at-open\" class\u003d\"form-check-input\" type\u003d\"radio\" name\u003d\"sessionVisibleRadio\" [value]\u003d\"SessionVisibleSetting.AT_OPEN\" [ngModel]\u003d\"model.sessionVisibleSetting\" (ngModelChange)\u003d\"triggerModelChange(\u0027sessionVisibleSetting\u0027, $event)\" [disabled]\u003d\"!model.isEditable\"\u003e"},{"lineNumber":253,"author":{"gitId":"-"},"content":"                  Submission opening time"},{"lineNumber":254,"author":{"gitId":"-"},"content":"                \u003c/label\u003e"},{"lineNumber":255,"author":{"gitId":"-"},"content":"              \u003c/div\u003e"},{"lineNumber":256,"author":{"gitId":"-"},"content":"            \u003c/div\u003e"},{"lineNumber":257,"author":{"gitId":"-"},"content":"          \u003c/div\u003e"},{"lineNumber":258,"author":{"gitId":"-"},"content":"          \u003cdiv class\u003d\"col-md-6 sessionVisibleRadio border-left-gray text-center text-md-start\"\u003e"},{"lineNumber":259,"author":{"gitId":"-"},"content":"            \u003cdiv class\u003d\"row ms-md-1\"\u003e"},{"lineNumber":260,"author":{"gitId":"-"},"content":"              \u003cdiv class\u003d\"col-12\"\u003e"},{"lineNumber":261,"author":{"gitId":"-"},"content":"                \u003clabel class\u003d\"ngb-tooltip-class label-control font-bold\" ngbTooltip\u003d\"Make responses for the feedback session visible to designated recipients.\"\u003eMake response visible \u003c/label\u003e"},{"lineNumber":262,"author":{"gitId":"-"},"content":"              \u003c/div\u003e"},{"lineNumber":263,"author":{"gitId":"-"},"content":"            \u003c/div\u003e"},{"lineNumber":264,"author":{"gitId":"-"},"content":"            \u003cdiv class\u003d\"row mt-md-2 ms-md-1\"\u003e"},{"lineNumber":265,"author":{"gitId":"-"},"content":"                \u003cdiv class\u003d\"col-md-2 mt-md-1\"\u003e"},{"lineNumber":266,"author":{"gitId":"-"},"content":"                  \u003cdiv class\u003d\"form-check\"\u003e"},{"lineNumber":267,"author":{"gitId":"-"},"content":"                    \u003clabel class\u003d\"form-check-label\"\u003e"},{"lineNumber":268,"author":{"gitId":"-"},"content":"                      \u003cinput id\u003d\"response-visibility-custom\" class\u003d\"form-check-input\" type\u003d\"radio\" name\u003d\"responseVisibleRadio\" [value]\u003d\"ResponseVisibleSetting.CUSTOM\" [ngModel]\u003d\"model.responseVisibleSetting\" (ngModelChange)\u003d\"triggerModelChange(\u0027responseVisibleSetting\u0027, $event)\" [disabled]\u003d\"!model.isEditable\"/\u003e"},{"lineNumber":269,"author":{"gitId":"-"},"content":"                      At"},{"lineNumber":270,"author":{"gitId":"-"},"content":"                    \u003c/label\u003e"},{"lineNumber":271,"author":{"gitId":"-"},"content":"                  \u003c/div\u003e"},{"lineNumber":272,"author":{"gitId":"-"},"content":"                \u003c/div\u003e"},{"lineNumber":273,"author":{"gitId":"-"},"content":"                \u003cdiv id\u003d\"response-visibility-date\" class\u003d\"col-md-6\"\u003e"},{"lineNumber":274,"author":{"gitId":"-"},"content":"                  \u003ctm-datepicker [isDisabled]\u003d\"model.responseVisibleSetting !\u003d\u003d ResponseVisibleSetting.CUSTOM || !model.isEditable\""},{"lineNumber":275,"author":{"gitId":"-"},"content":"                                 (dateChangeCallback)\u003d\"triggerModelChange(\u0027customResponseVisibleDate\u0027, $event)\""},{"lineNumber":276,"author":{"gitId":"-"},"content":"                                 [minDate]\u003d\"minDateForResponseVisible\" [date]\u003d\"model.customResponseVisibleDate\"\u003e\u003c/tm-datepicker\u003e"},{"lineNumber":277,"author":{"gitId":"-"},"content":"                \u003c/div\u003e"},{"lineNumber":278,"author":{"gitId":"-"},"content":"                \u003cdiv class\u003d\"col-md-4\"\u003e"},{"lineNumber":279,"author":{"gitId":"-"},"content":"                  \u003ctm-timepicker id\u003d\"response-visibility-time\" [isDisabled]\u003d\"model.responseVisibleSetting !\u003d\u003d ResponseVisibleSetting.CUSTOM || !model.isEditable\" (timeChange)\u003d\"triggerModelChange(\u0027customResponseVisibleTime\u0027, $event)\""},{"lineNumber":280,"author":{"gitId":"-"},"content":"                                 [minDate]\u003d\"minDateForResponseVisible\" [date]\u003d\"model.customResponseVisibleDate\""},{"lineNumber":281,"author":{"gitId":"-"},"content":"                                 [minTime]\u003d\"minTimeForResponseVisible\" [time]\u003d\"model.customResponseVisibleTime\" \u003e\u003c/tm-timepicker\u003e"},{"lineNumber":282,"author":{"gitId":"-"},"content":"                \u003c/div\u003e"},{"lineNumber":283,"author":{"gitId":"-"},"content":"            \u003c/div\u003e"},{"lineNumber":284,"author":{"gitId":"-"},"content":"            \u003cdiv class\u003d\"row mt-md-2 ms-md-1\"\u003e"},{"lineNumber":285,"author":{"gitId":"-"},"content":"              \u003cdiv class\u003d\"col-12\"\u003e"},{"lineNumber":286,"author":{"gitId":"-"},"content":"                \u003cdiv class\u003d\"form-check\"\u003e"},{"lineNumber":287,"author":{"gitId":"-"},"content":"                  \u003clabel class\u003d\"ngb-tooltip-class form-check-label\" ngbTooltip\u003d\"Same time as when the session becomes visible to users.\"\u003e"},{"lineNumber":288,"author":{"gitId":"-"},"content":"                    \u003cinput id\u003d\"response-visibility-immediately\" class\u003d\"form-check-input\" type\u003d\"radio\" name\u003d\"responseVisibleRadio\" [value]\u003d\"ResponseVisibleSetting.AT_VISIBLE\" [ngModel]\u003d\"model.responseVisibleSetting\" (ngModelChange)\u003d\"triggerModelChange(\u0027responseVisibleSetting\u0027, $event)\" [disabled]\u003d\"!model.isEditable\"\u003e"},{"lineNumber":289,"author":{"gitId":"-"},"content":"                    Immediately"},{"lineNumber":290,"author":{"gitId":"-"},"content":"                  \u003c/label\u003e"},{"lineNumber":291,"author":{"gitId":"-"},"content":"                \u003c/div\u003e"},{"lineNumber":292,"author":{"gitId":"-"},"content":"              \u003c/div\u003e"},{"lineNumber":293,"author":{"gitId":"-"},"content":"            \u003c/div\u003e"},{"lineNumber":294,"author":{"gitId":"-"},"content":"            \u003cdiv class\u003d\"row mt-md-2 ms-md-1\"\u003e"},{"lineNumber":295,"author":{"gitId":"-"},"content":"              \u003cdiv class\u003d\"col-12\"\u003e"},{"lineNumber":296,"author":{"gitId":"-"},"content":"                \u003cdiv class\u003d\"form-check\"\u003e"},{"lineNumber":297,"author":{"gitId":"-"},"content":"                  \u003clabel class\u003d\"ngb-tooltip-class form-check-label\" ngbTooltip\u003d\"Remember to manually publish the responses for this session later on.\"\u003e"},{"lineNumber":298,"author":{"gitId":"-"},"content":"                    \u003cinput id\u003d\"response-visibility-manually\" class\u003d\"form-check-input\" type\u003d\"radio\" name\u003d\"responseVisibleRadio\" [value]\u003d\"ResponseVisibleSetting.LATER\" [ngModel]\u003d\"model.responseVisibleSetting\" (ngModelChange)\u003d\"triggerModelChange(\u0027responseVisibleSetting\u0027, $event)\" [disabled]\u003d\"!model.isEditable\"\u003e"},{"lineNumber":299,"author":{"gitId":"-"},"content":"                    Not now (publish manually)"},{"lineNumber":300,"author":{"gitId":"-"},"content":"                  \u003c/label\u003e"},{"lineNumber":301,"author":{"gitId":"-"},"content":"                \u003c/div\u003e"},{"lineNumber":302,"author":{"gitId":"-"},"content":"              \u003c/div\u003e"},{"lineNumber":303,"author":{"gitId":"-"},"content":"            \u003c/div\u003e"},{"lineNumber":304,"author":{"gitId":"-"},"content":"          \u003c/div\u003e"},{"lineNumber":305,"author":{"gitId":"-"},"content":"        \u003c/div\u003e"},{"lineNumber":306,"author":{"gitId":"-"},"content":"      \u003c/div\u003e"},{"lineNumber":307,"author":{"gitId":"-"},"content":"    \u003c/div\u003e"},{"lineNumber":308,"author":{"gitId":"-"},"content":"    \u003cdiv *ngIf\u003d\"!model.hasEmailSettingsPanelExpanded\"\u003e"},{"lineNumber":309,"author":{"gitId":"-"},"content":"      \u003cspan class\u003d\"text-muted\"\u003eEmails are sent when session opens (within 15 minutes), 24 hrs before session closes and when results are published.\u003c/span\u003e"},{"lineNumber":310,"author":{"gitId":"-"},"content":"      \u003cbutton id\u003d\"btn-change-email\" type\u003d\"button\" class\u003d\"btn btn-link\" (click)\u003d\"triggerModelChange(\u0027hasEmailSettingsPanelExpanded\u0027, true)\" [disabled]\u003d\"!model.isEditable\"\u003e[Change]\u003c/button\u003e"},{"lineNumber":311,"author":{"gitId":"-"},"content":"    \u003c/div\u003e"},{"lineNumber":312,"author":{"gitId":"-"},"content":"    \u003cdiv class\u003d\"card border-primary margin-top-20px\" *ngIf\u003d\"model.hasEmailSettingsPanelExpanded\" @collapseAnim\u003e"},{"lineNumber":313,"author":{"gitId":"-"},"content":"      \u003cdiv class\u003d\"card-body\"\u003e"},{"lineNumber":314,"author":{"gitId":"-"},"content":"        \u003cdiv class\u003d\"col-12 font-bold\"\u003e"},{"lineNumber":315,"author":{"gitId":"-"},"content":"          Send emails for"},{"lineNumber":316,"author":{"gitId":"-"},"content":"        \u003c/div\u003e"},{"lineNumber":317,"author":{"gitId":"-"},"content":"        \u003cdiv class\u003d\"row ms-md-1 mt-md-3\"\u003e"},{"lineNumber":318,"author":{"gitId":"-"},"content":"          \u003cdiv class\u003d\"col-md-4\"\u003e"},{"lineNumber":319,"author":{"gitId":"-"},"content":"            \u003cdiv class\u003d\"form-check form-check-inline\"\u003e"},{"lineNumber":320,"author":{"gitId":"-"},"content":"              \u003clabel class\u003d\"ngb-tooltip-class form-check-label\" ngbTooltip\u003d\"Notify students when the session is open for submission.\"\u003e"},{"lineNumber":321,"author":{"gitId":"-"},"content":"                \u003cinput id\u003d\"email-opening\" class\u003d\"form-check-input\" type\u003d\"checkbox\" checked disabled\u003eSession opening reminder"},{"lineNumber":322,"author":{"gitId":"-"},"content":"              \u003c/label\u003e"},{"lineNumber":323,"author":{"gitId":"-"},"content":"            \u003c/div\u003e"},{"lineNumber":324,"author":{"gitId":"-"},"content":"          \u003c/div\u003e"},{"lineNumber":325,"author":{"gitId":"-"},"content":"          \u003cdiv class\u003d\"col-md-4\"\u003e"},{"lineNumber":326,"author":{"gitId":"-"},"content":"            \u003cdiv class\u003d\"form-check form-check-inline\"\u003e"},{"lineNumber":327,"author":{"gitId":"-"},"content":"              \u003clabel class\u003d\"ngb-tooltip-class form-check-label\" ngbTooltip\u003d\"Remind students to submit 24 hours before the end of the session.\"\u003e"},{"lineNumber":328,"author":{"gitId":"-"},"content":"                \u003cinput id\u003d\"email-closing\" class\u003d\"form-check-input\" type\u003d\"checkbox\" [ngModel]\u003d\"model.isClosingEmailEnabled\" (ngModelChange)\u003d\"triggerModelChange(\u0027isClosingEmailEnabled\u0027, $event)\" [disabled]\u003d\"!model.isEditable\"\u003e Session closing reminder"},{"lineNumber":329,"author":{"gitId":"-"},"content":"              \u003c/label\u003e"},{"lineNumber":330,"author":{"gitId":"-"},"content":"            \u003c/div\u003e"},{"lineNumber":331,"author":{"gitId":"-"},"content":"          \u003c/div\u003e"},{"lineNumber":332,"author":{"gitId":"-"},"content":"          \u003cdiv class\u003d\"col-md-4\"\u003e"},{"lineNumber":333,"author":{"gitId":"-"},"content":"            \u003cdiv class\u003d\"form-check form-check-inline\"\u003e"},{"lineNumber":334,"author":{"gitId":"-"},"content":"              \u003clabel class\u003d\"ngb-tooltip-class form-check-label\" ngbTooltip\u003d\"Notify students when the session results is published.\"\u003e"},{"lineNumber":335,"author":{"gitId":"-"},"content":"                \u003cinput id\u003d\"email-published\" class\u003d\"form-check-input\" type\u003d\"checkbox\" [ngModel]\u003d\"model.isPublishedEmailEnabled\" (ngModelChange)\u003d\"triggerModelChange(\u0027isPublishedEmailEnabled\u0027, $event)\" [disabled]\u003d\"!model.isEditable\"\u003e Results published announcement"},{"lineNumber":336,"author":{"gitId":"-"},"content":"              \u003c/label\u003e"},{"lineNumber":337,"author":{"gitId":"-"},"content":"            \u003c/div\u003e"},{"lineNumber":338,"author":{"gitId":"-"},"content":"          \u003c/div\u003e"},{"lineNumber":339,"author":{"gitId":"-"},"content":"        \u003c/div\u003e"},{"lineNumber":340,"author":{"gitId":"-"},"content":"      \u003c/div\u003e"},{"lineNumber":341,"author":{"gitId":"-"},"content":"    \u003c/div\u003e"},{"lineNumber":342,"author":{"gitId":"-"},"content":"    \u003cdiv class\u003d\"row margin-top-20px\"\u003e"},{"lineNumber":343,"author":{"gitId":"-"},"content":"      \u003cdiv class\u003d\"col-12 text-center\"\u003e"},{"lineNumber":344,"author":{"gitId":"-"},"content":"        \u003cspan class\u003d\"loader\"\u003e\u003c/span\u003e"},{"lineNumber":345,"author":{"gitId":"-"},"content":"        \u003cdiv *ngIf\u003d\"formMode \u003d\u003d\u003d SessionEditFormMode.ADD\"\u003e"},{"lineNumber":346,"author":{"gitId":"-"},"content":"          \u003cbutton id\u003d\"btn-create-session\" type\u003d\"button\" class\u003d\"btn btn-primary\" [disabled]\u003d\"courseCandidates.length \u003d\u003d\u003d 0 || model.isSaving || !model.feedbackSessionName\" (click)\u003d\"submitFormHandler()\"\u003e"},{"lineNumber":347,"author":{"gitId":"-"},"content":"            \u003ctm-ajax-loading *ngIf\u003d\"model.isSaving\"\u003e\u003c/tm-ajax-loading\u003eCreate Feedback Session"},{"lineNumber":348,"author":{"gitId":"-"},"content":"          \u003c/button\u003e"},{"lineNumber":349,"author":{"gitId":"-"},"content":"          \u003cp class\u003d\"text-danger margin-top-20px\" *ngIf\u003d\"courseCandidates.length \u003d\u003d\u003d 0\"\u003e\u003cb\u003eYou need to have an active(unarchived) course to create a session!\u003c/b\u003e\u003c/p\u003e"},{"lineNumber":350,"author":{"gitId":"-"},"content":"        \u003c/div\u003e"},{"lineNumber":351,"author":{"gitId":"-"},"content":"        \u003cdiv *ngIf\u003d\"formMode \u003d\u003d\u003d SessionEditFormMode.EDIT\"\u003e"},{"lineNumber":352,"author":{"gitId":"-"},"content":"          \u003cbutton type\u003d\"button\" class\u003d\"btn btn-success\" [disabled]\u003d\"model.isSaving || !model.isEditable\" *ngIf\u003d\"formMode \u003d\u003d\u003d SessionEditFormMode.EDIT\" (click)\u003d\"submitFormHandler()\"\u003e"},{"lineNumber":353,"author":{"gitId":"-"},"content":"            \u003ctm-ajax-loading *ngIf\u003d\"model.isSaving\"\u003e\u003c/tm-ajax-loading\u003eSave Changes"},{"lineNumber":354,"author":{"gitId":"-"},"content":"          \u003c/button\u003e"},{"lineNumber":355,"author":{"gitId":"-"},"content":"        \u003c/div\u003e"},{"lineNumber":356,"author":{"gitId":"-"},"content":"      \u003c/div\u003e"},{"lineNumber":357,"author":{"gitId":"-"},"content":"    \u003c/div\u003e"},{"lineNumber":358,"author":{"gitId":"-"},"content":"  \u003c/div\u003e"},{"lineNumber":359,"author":{"gitId":"-"},"content":"\u003c/div\u003e"}],"authorContributionMap":{"nknguyenhc":2,"-":357}},{"path":"src/web/app/pages-instructor/instructor-student-records-page/instructor-student-records-page.component.html","fileType":"html","lines":[{"lineNumber":1,"author":{"gitId":"-"},"content":"\u003ch1 id\u003d\"records-header\"\u003e{{studentName}}\u0027s Records\u003csmall class\u003d\"text-muted text-break\"\u003e - {{courseId}}\u003c/small\u003e\u003c/h1\u003e"},{"lineNumber":2,"author":{"gitId":"-"},"content":"\u003ch2\u003eRecords in feedback sessions\u003c/h2\u003e"},{"lineNumber":3,"author":{"gitId":"-"},"content":"\u003ctm-loading-retry [shouldShowRetry]\u003d\"hasStudentResultsLoadingFailed\" [message]\u003d\"\u0027Failed to load student results\u0027\" (retryEvent)\u003d\"loadStudentResults()\"\u003e"},{"lineNumber":4,"author":{"gitId":"-"},"content":"  \u003cdiv *tmIsLoading\u003d\"isStudentResultsLoading\"\u003e"},{"lineNumber":5,"author":{"gitId":"-"},"content":"    \u003cdiv *ngFor\u003d\"let session of sessionTabs\" class\u003d\"card card-default mb-4\"\u003e"},{"lineNumber":6,"author":{"gitId":"-"},"content":"      \u003cdiv class\u003d\"card-header cursor-pointer\" (click)\u003d\"session.isCollapsed \u003d !session.isCollapsed\"\u003e"},{"lineNumber":7,"author":{"gitId":"-"},"content":"        \u003cstrong class\u003d\"text-break\"\u003eFeedback Session: {{ session.feedbackSession.feedbackSessionName }}\u003c/strong\u003e"},{"lineNumber":8,"author":{"gitId":"-"},"content":"        \u003cdiv class\u003d\"card-header-btn-toolbar\"\u003e"},{"lineNumber":9,"author":{"gitId":"Tim-Siu"},"content":"          \u003ctm-panel-chevron [isExpanded]\u003d\"!session.isCollapsed\" chevronColor\u003d\"black\"\u003e\u003c/tm-panel-chevron\u003e"},{"lineNumber":10,"author":{"gitId":"-"},"content":"        \u003c/div\u003e"},{"lineNumber":11,"author":{"gitId":"-"},"content":"      \u003c/div\u003e"},{"lineNumber":12,"author":{"gitId":"-"},"content":"      \u003cdiv class\u003d\"card-body\" *ngIf\u003d\"!session.isCollapsed\" @collapseAnim\u003e"},{"lineNumber":13,"author":{"gitId":"-"},"content":"        \u003ctm-grq-rgq-view-responses *ngIf\u003d\"session.responsesReceivedByStudent.length \u003e 0\""},{"lineNumber":14,"author":{"gitId":"-"},"content":"                                   [session]\u003d\"session.feedbackSession\""},{"lineNumber":15,"author":{"gitId":"-"},"content":"                                   [responses]\u003d\"session.responsesReceivedByStudent\" [groupByTeam]\u003d\"false\" [section]\u003d\"\" [sectionType]\u003d\"\""},{"lineNumber":16,"author":{"gitId":"-"},"content":"                                   [isGrq]\u003d\"false\" [instructorCommentTableModel]\u003d\"instructorCommentTableModel\""},{"lineNumber":17,"author":{"gitId":"-"},"content":"                                   (saveNewCommentEvent)\u003d\"saveNewComment($event, session.feedbackSession.timeZone)\""},{"lineNumber":18,"author":{"gitId":"-"},"content":"                                   (deleteCommentEvent)\u003d\"deleteComment($event)\""},{"lineNumber":19,"author":{"gitId":"-"},"content":"                                   (updateCommentEvent)\u003d\"updateComment($event, session.feedbackSession.timeZone)\""},{"lineNumber":20,"author":{"gitId":"-"},"content":"                                   [isExpandAll]\u003d\"true\"\u003e"},{"lineNumber":21,"author":{"gitId":"-"},"content":"        \u003c/tm-grq-rgq-view-responses\u003e"},{"lineNumber":22,"author":{"gitId":"-"},"content":"        \u003cdiv *ngIf\u003d\"session.responsesReceivedByStudent.length \u003d\u003d\u003d 0\" class\u003d\"mb-3\"\u003e"},{"lineNumber":23,"author":{"gitId":"-"},"content":"          No feedback responses for {{studentName}} ({{studentTeam}}) found."},{"lineNumber":24,"author":{"gitId":"-"},"content":"        \u003c/div\u003e"},{"lineNumber":25,"author":{"gitId":"-"},"content":"        \u003ctm-grq-rgq-view-responses *ngIf\u003d\"session.responsesGivenByStudent.length \u003e 0\""},{"lineNumber":26,"author":{"gitId":"-"},"content":"                                   [session]\u003d\"session.feedbackSession\""},{"lineNumber":27,"author":{"gitId":"-"},"content":"                                   [responses]\u003d\"session.responsesGivenByStudent\" [groupByTeam]\u003d\"false\" [section]\u003d\"\" [sectionType]\u003d\"\""},{"lineNumber":28,"author":{"gitId":"-"},"content":"                                   [isGrq]\u003d\"true\" [instructorCommentTableModel]\u003d\"instructorCommentTableModel\""},{"lineNumber":29,"author":{"gitId":"-"},"content":"                                   (saveNewCommentEvent)\u003d\"saveNewComment($event, session.feedbackSession.timeZone)\""},{"lineNumber":30,"author":{"gitId":"-"},"content":"                                   (deleteCommentEvent)\u003d\"deleteComment($event)\""},{"lineNumber":31,"author":{"gitId":"-"},"content":"                                   (updateCommentEvent)\u003d\"updateComment($event, session.feedbackSession.timeZone)\""},{"lineNumber":32,"author":{"gitId":"-"},"content":"                                   [isExpandAll]\u003d\"true\""},{"lineNumber":33,"author":{"gitId":"-"},"content":"        \u003e\u003c/tm-grq-rgq-view-responses\u003e"},{"lineNumber":34,"author":{"gitId":"-"},"content":"        \u003cdiv *ngIf\u003d\"session.responsesGivenByStudent.length \u003d\u003d\u003d 0\"\u003e"},{"lineNumber":35,"author":{"gitId":"-"},"content":"          No feedback responses from {{studentName}} ({{studentTeam}}) found."},{"lineNumber":36,"author":{"gitId":"-"},"content":"        \u003c/div\u003e"},{"lineNumber":37,"author":{"gitId":"-"},"content":"      \u003c/div\u003e"},{"lineNumber":38,"author":{"gitId":"-"},"content":"    \u003c/div\u003e"},{"lineNumber":39,"author":{"gitId":"-"},"content":"  \u003c/div\u003e"},{"lineNumber":40,"author":{"gitId":"-"},"content":"\u003c/tm-loading-retry\u003e"}],"authorContributionMap":{"-":39,"Tim-Siu":1}}]
