{"authorDailyContributionsMap":{"xenosf":[{"date":"2024-02-15","commitResults":[{"hash":"3c0126ef4feeda7cedcd8f098ee953f916856d70","isMergeCommit":false,"messageTitle":"[#12048] Migrate StudentSearchIndexingWorkerAction (#12733)","messageBody":"* Migrate StudentSearchIndexingWorkerAction\r\n\r\n* Add IT for StudentSearchIndexingWorkerAction\r\n\r\n* Fix javadoc for putStudentDocument\r\n\r\n* Refactor SQL logic and Datastore execute logic to separate methods\r\n\r\n* Fix checkstyle errors\r\n\r\n* Reset student search collections before test\r\n\r\n* Rename test methods to use \"should\"","fileTypesAndContributionMap":{"java":{"insertions":116,"deletions":0}}}]},{"date":"2024-02-27","commitResults":[{"hash":"2dad48b8d3bf32fb337f3021bcf7a9021f15a656","isMergeCommit":false,"messageTitle":"[#12048] Migrate GetSessionResultsAction (#12719)","messageBody":"* Migrate SessionResultsData\r\n\r\n* Add default entities\r\n\r\n* Add helper methods to assist migrated logic\r\n\r\n* Migrate buildCompleteGiverRecipientMap\r\n\r\n* Migrate checkSpecificAccessControl\r\n\r\n* Add default team instance for instructor\r\n\r\n* Migrate session results data logic\r\n\r\n* Use default team entity for instructor instead of const\r\n\r\n* Migrate non-db logic\r\n\r\n* Refactor Datastore and SQL action logic out to separate methods\r\n\r\n* Fix checkstyle errors\r\n\r\n* Migrate DB logic\r\n\r\n* Fix checkstyle errors\r\n\r\n* Move default instructor team entity to const\r\n\r\n* Add test for SqlSessionResultsBundle\r\n\r\n* Fix SQL results bundle test\r\n\r\n* Add IT for GetSessionResultsAction\r\n\r\n* Fix action logic\r\n\r\n* Fix checkstyle errors\r\n\r\n* Remove unused method parameters\r\n\r\n* Fix persistence issues in test cases\r\n\r\n* Remove question getter for comment\r\n\r\n* Rename boolean methods to start with verb\r\n\r\n* Reword comment to clarify question ID\r\n\r\n* Refactor getting question UUID from param value\r\n\r\n* Remove unneeded getters\r\n\r\n* Remove entities from Const\r\n\r\n* Revert changes to SqlCourseRoster\r\n\r\n* Create and use missing response class\r\n\r\n* Refactor no response text to const\r\n\r\n* Migrate preview-related functionality\r\n\r\n* Migrate preview functionality for question output\r\n\r\n* Fix recipient section filter\r\n\r\n* Update test cases to handle question preview\r\n\r\n* Merge duplicate methods\r\n\r\n* Fix checkstyle errors\r\n\r\n* Add missing questions with non-visible preview responses\r\n\r\n* Remove outdated test\r\n\r\n* Edit for style and readability\r\n\r\n* Fix missing join\r\n\r\n* Fix section filtering logic\r\n\r\n* Fix checkstyle errors","fileTypesAndContributionMap":{"java":{"insertions":2563,"deletions":23}}}]}],"sopa301":[],"mingyuanc":[{"date":"2024-02-07","commitResults":[{"hash":"cc0bf4f77bc293c689f5e721d16aae14f150e152","isMergeCommit":false,"messageTitle":"[#12048] Migrate CreateInstructorAction (#12706)","messageBody":"","fileTypesAndContributionMap":{"java":{"insertions":257,"deletions":37}}}]},{"date":"2024-02-18","commitResults":[{"hash":"8e757e2125448b07dbc7e46d94e8967c9925da4c","isMergeCommit":false,"messageTitle":"[#12048] Migrate instructor search indexing worker action (#12731)","messageBody":"* Fix lint\r\n\r\n* Migrate instructor search indexing worker action\r\n\r\n* Fix Checkstyle\r\n\r\n* Fix Checkstyle\r\n\r\n* Fix Checkstyle\r\n\r\n* Add testcases\r\n\r\n* Update comparator to Id\r\n\r\n---------\r\n\r\nCo-authored-by: Cedric Ong \u003c67156011+cedricongjh@users.noreply.github.com\u003e\r\nCo-authored-by: Nicolas \u003c25302138+NicolasCwy@users.noreply.github.com\u003e","fileTypesAndContributionMap":{"java":{"insertions":107,"deletions":0}}}]},{"date":"2024-02-19","commitResults":[{"hash":"d6c67fc9dd31c36f196be454a22cce955e1c8229","isMergeCommit":false,"messageTitle":"Add testcases for FeedbackResponseCommentsDbTest (#12755)","messageBody":"* Add CRUD testcases\r\n\r\n* Fix linting\r\n\r\n* Refactor getTypicalComment\r\n\r\n* Amend testDeleteComment testcase\r\n\r\n* Amend testDeleteComment testcase\r\n\r\n* Fix compile error\r\n\r\n* Revert linting changes\r\n\r\n---------\r\n\r\nCo-authored-by: Nicolas \u003c25302138+NicolasCwy@users.noreply.github.com\u003e","fileTypesAndContributionMap":{"java":{"insertions":156,"deletions":1}}}]},{"date":"2024-03-09","commitResults":[{"hash":"ef31826b7ec1e1308c0e6016ba513e9c6afa3c58","isMergeCommit":false,"messageTitle":"Add testcases for FeedbackResponseCommentsLogicTest (#12769)","messageBody":"* Added testcase\r\n\r\n* Add new testcases\r\n\r\n* Remove dead store\r\n\r\n---------\r\n\r\nCo-authored-by: Wei Qing \u003c48304907+weiquu@users.noreply.github.com\u003e","fileTypesAndContributionMap":{"java":{"insertions":185,"deletions":0}}}]}],"jingting1412":[],"KevinEyo1":[],"LamJiuFong":[],"yiwen101":[],"jonasongg":[],"domoberzin":[{"date":"2024-02-04","commitResults":[{"hash":"333f582460d9b1ba7174321de3ea3113cc71c9db","isMergeCommit":false,"messageTitle":"[#12048] Migrate enroll students action (#12715)","messageBody":"* Modify student entity\r\n\r\n* Add update comment logic\r\n\r\n* Modify logic files for cascading update and creation for student\r\n\r\n* Add database queries for updating student\r\n\r\n* Update EnrollStudentsAction\r\n\r\n* Fix checkstyle\r\n\r\n* Remove extra query for editor update\r\n\r\n* Remove email update logic\r\n\r\n* Update javadocs\r\n\r\n* Copy over logic for Team and Section validation\r\n\r\n* Edit javadocs\r\n\r\n* Change StudentAttributes to Student instead\r\n\r\n* Fix lint issues\r\n\r\n* Fix lint issues\r\n\r\n* Fix component tests and lint\r\n\r\n* Remove ununsed method\r\n\r\n* Fix lint\r\n\r\n* Update validation logic to use Student\r\n\r\n* Update test case\r\n\r\n* Add tests for duplicate team across sections\r\n\r\n* Remove unused methods and add getSection to UsersLogic\r\n\r\n* Fix sorting logic\r\n\r\n* Change getName method calls for section and team\r\n\r\n* Remove unused methods\r\n\r\n* Add more detail to JavaDocs\r\n\r\n* Remove unusued methods\r\n\r\n* Use getCourseId instead of toString\r\n\r\n* Modify test case\r\n\r\n* Revert changes\r\n\r\n* Change toString to  getCourseId\r\n\r\n* Update tests to include unregistered student\r\n\r\n* Fix trailing whitespaces","fileTypesAndContributionMap":{"java":{"insertions":875,"deletions":66}}}]},{"date":"2024-02-10","commitResults":[{"hash":"21ae95eab736f4c37933d3fa0fd9bd592c6b92d6","isMergeCommit":false,"messageTitle":"[#12048] Migrate search account requests action (#12726)","messageBody":"* feat: add search account request methods to SQL storage and logic layers\r\n\r\n* feat: migrate SearchAccountRequestsAction to use SQL logic\r\n\r\n* fix: failing tests\r\n\r\n* fix: remove commented line\r\n\r\n* fix: migrate AccountRequestSearch tests\r\n\r\n---------\r\n\r\nCo-authored-by: Dominic Lim \u003c46486515+domlimm@users.noreply.github.com\u003e","fileTypesAndContributionMap":{"java":{"insertions":347,"deletions":5}}}]},{"date":"2024-02-18","commitResults":[{"hash":"c314aa9f3462f76ac3a3e8d15e58289181b31573","isMergeCommit":false,"messageTitle":"[#12048] Add tests for CoursesLogic (#12746)","messageBody":"* feat: add tests for CoursesLogic\r\n\r\n* fix: verify parameters of mocked logic classes\r\n\r\n* fix: lint issues\r\n\r\n* fix: add additional verification of parameters\r\n\r\n---------\r\n\r\nCo-authored-by: Cedric Ong \u003c67156011+cedricongjh@users.noreply.github.com\u003e","fileTypesAndContributionMap":{"java":{"insertions":319,"deletions":2}}}]},{"date":"2024-02-20","commitResults":[{"hash":"daba8ebd1ead324ae4e4b2daba64d2586538a9f5","isMergeCommit":false,"messageTitle":"[#12048] Migrate AccountRequestSearchIndexingWorkerAction (#12757)","messageBody":"* feat: migrate account request search indexing worker action\r\n\r\n* fix: remove datastore logic and old test\r\n\r\n* fix: remove NPE suppress","fileTypesAndContributionMap":{"java":{"insertions":38,"deletions":13}}}]},{"date":"2024-02-24","commitResults":[{"hash":"7a22ab856fb641e0d7897a00e45ed3c5024ab766","isMergeCommit":false,"messageTitle":"[#12048] Fix GetSessionResponseStatsActionIT (#12777)","messageBody":"* Migrate GetSessionResponseStatsAction\r\n\r\n* fix: fix NPE issues\r\n\r\n* fix: remove extra comments\r\n\r\n* fix: remove extra line\r\n\r\n---------\r\n\r\nCo-authored-by: Zhang Ziqing \u003czhangziqing9926@gmail.com\u003e\r\nCo-authored-by: Wei Qing \u003c48304907+weiquu@users.noreply.github.com\u003e\r\nCo-authored-by: Zhang Ziqing \u003c69516975+ziqing26@users.noreply.github.com\u003e","fileTypesAndContributionMap":{"java":{"insertions":218,"deletions":15}}},{"hash":"7da77bb9ba38925e675b94d64dc6bff2d7d5bcc1","isMergeCommit":false,"messageTitle":"[#12048] Create IT for GetFeedbackSessionSubmittedGiverSetAction (#12778)","messageBody":"* Migrate GetSessionResponseStatsAction\r\n\r\n* fix: fix NPE issues\r\n\r\n* feat: add IT for GetFeedbackSessionSubmittedGiverSetAction\r\n\r\n* fix: remove extra comment\r\n\r\n* fix: remove duplicate method\r\n\r\n---------\r\n\r\nCo-authored-by: Zhang Ziqing \u003czhangziqing9926@gmail.com\u003e\r\nCo-authored-by: Wei Qing \u003c48304907+weiquu@users.noreply.github.com\u003e\r\nCo-authored-by: Zhang Ziqing \u003c69516975+ziqing26@users.noreply.github.com\u003e","fileTypesAndContributionMap":{"java":{"insertions":81,"deletions":3}}}]},{"date":"2024-02-26","commitResults":[{"hash":"500e7421dc31bd884ba6d2ff7a01b6abcabf646b","isMergeCommit":false,"messageTitle":"[#12048] Migrate Admin Notifications E2E Test (#12793)","messageBody":"* feat: add resources for admin notifications e2e test\r\n\r\n* fix: set created at on notification creation\r\n\r\n* feat: migrate admin notifications e2e test\r\n\r\n* fix: remove created at check for notifications\r\n\r\n* fix: remove extra comments\r\n\r\n* fix: remove explicit created at\r\n\r\n* fix: null check for created at\r\n\r\n* fix lint\r\n\r\n---------\r\n\r\nCo-authored-by: Cedric Ong \u003c67156011+cedricongjh@users.noreply.github.com\u003e\r\nCo-authored-by: Cedric Ong \u003ccedricongjh@gmail.com\u003e","fileTypesAndContributionMap":{"java":{"insertions":47,"deletions":34}}},{"hash":"203ec245f53c97be136208df3f583bfd6db97f8c","isMergeCommit":false,"messageTitle":"[#12048] Migrate AdminSearchPageE2ETest (#12838)","messageBody":"* migate admin search e2e\r\n\r\n* fix e2e test\r\n\r\n* fix failing tests\r\n\r\n* fix: add put sql document methods\r\n\r\n* fix: add migrated check back in\r\n\r\n* fix: add cleanup method\r\n\r\n* fix: add search document removal for account request\r\n\r\n* fix lint and tests\r\n\r\n* fix: json file formatting\r\n\r\n* fix: init both searchManagers\r\n\r\n* fix: add comments\r\n\r\n* fix: remove notifications field in data file\r\n\r\n---------\r\n\r\nCo-authored-by: Wei Qing \u003c48304907+weiquu@users.noreply.github.com\u003e","fileTypesAndContributionMap":{"java":{"insertions":201,"deletions":45}}}]},{"date":"2024-03-03","commitResults":[{"hash":"0f9d99069cca05ac16878b0f5e0fa78bf629d96d","isMergeCommit":false,"messageTitle":"[#12048] Add tests for CourseDbIT (#12786)","messageBody":"* feat: add more coverage for methods in CoursesDb\r\n\r\n* fix: add further test cases\r\n\r\n---------\r\n\r\nCo-authored-by: Dominic Lim \u003c46486515+domlimm@users.noreply.github.com\u003e","fileTypesAndContributionMap":{"java":{"insertions":165,"deletions":4}}}]}],"asdfghjkxd":[],"yuanxi1":[{"date":"2023-12-28","commitResults":[{"hash":"5de8300549d6b06bd21d38f1d258bdcaebc6c443","isMergeCommit":false,"messageTitle":"[#12663] Instructor\u0027s Student Records Page: Tooltips for comments  (#12676)","messageBody":"* Fix comment tooltip causing the text to go into next line\r\n\r\n* Update snapshot test\r\n\r\n---------\r\n\r\nCo-authored-by: YX Z \u003cyxz@YXs-MacBook-Air-2.local\u003e\r\nCo-authored-by: Wei Qing \u003c48304907+weiquu@users.noreply.github.com\u003e\r\nCo-authored-by: Dominic Lim \u003c46486515+domlimm@users.noreply.github.com\u003e\r\nCo-authored-by: Jason Qiu \u003cjason_qiu@hotmail.com\u003e","fileTypesAndContributionMap":{"html":{"insertions":2,"deletions":2}}}]},{"date":"2024-02-06","commitResults":[{"hash":"f0279fa802b98f5dbf9d92c200168f21aa41ef62","isMergeCommit":false,"messageTitle":"[#12048] Migrate join course action (#12722)","messageBody":"* Add join course for student and instructor to AccountsLogic\r\n\r\n* Update AccountsLogic tests\r\n\r\n* Migrate JoinCourseAction\r\n\r\n* Add JoinCourseActionIT\r\n\r\n* Update to use usersLogic for student update\r\n\r\n* Fix failing IT caused by updates to typicalDataBundle\r\n\r\n* Fix failing IT\r\n\r\n* Remove print statements\r\n\r\n---------\r\n\r\nCo-authored-by: YX Z \u003cyxz@YXs-MacBook-Air-2.local\u003e\r\nCo-authored-by: Cedric Ong \u003c67156011+cedricongjh@users.noreply.github.com\u003e","fileTypesAndContributionMap":{"java":{"insertions":605,"deletions":12}}}]},{"date":"2024-02-14","commitResults":[{"hash":"33953dc064e3230bf0c27f2b591f5b06e212d8cf","isMergeCommit":false,"messageTitle":"[#12048] Migrate search students action (#12735)","messageBody":"* Migrate search students action and associated logic\r\n\r\n* Add tests for student search\r\n\r\n* Remove old test\r\n\r\n* Restore datastore test\r\n\r\n* Add support for dual db search\r\n\r\n* Suppress NPE warning\r\n\r\n---------\r\n\r\nCo-authored-by: YX Z \u003cyxz@YXs-MacBook-Air-2.local\u003e\r\nCo-authored-by: Wei Qing \u003c48304907+weiquu@users.noreply.github.com\u003e","fileTypesAndContributionMap":{"java":{"insertions":528,"deletions":5}}}]},{"date":"2024-02-25","commitResults":[{"hash":"a913315da176e03961d0a0a4fae955571a5bf8aa","isMergeCommit":false,"messageTitle":"Add locale for java datetime formatter (#12826)","messageBody":"Co-authored-by: YX Z \u003cyxz@r-154-105-25-172.comp.nus.edu.sg\u003e","fileTypesAndContributionMap":{"java":{"insertions":2,"deletions":1}}}]},{"date":"2024-02-26","commitResults":[{"hash":"7b2a69c88dad53002650c37e12a16ba6e5564281","isMergeCommit":false,"messageTitle":"[#12048] Migrate Notification Banner E2E (#12840)","messageBody":"* Add locale for java datetime formatter\r\n\r\n* Migrate non-course content for NotificationBannerE2ETest\r\n\r\n* Fix linting\r\n\r\n* Fix snapshot test\r\n\r\n---------\r\n\r\nCo-authored-by: YX Z \u003cyxz@r-154-105-25-172.comp.nus.edu.sg\u003e\r\nCo-authored-by: YX Z \u003cyxz@YXs-MacBook-Air-2.local\u003e\r\nCo-authored-by: Cedric Ong \u003c67156011+cedricongjh@users.noreply.github.com\u003e","fileTypesAndContributionMap":{"java":{"insertions":14,"deletions":14},"html":{"insertions":1,"deletions":1}}}]}],"supermii2":[],"marquestye":[{"date":"2024-02-25","commitResults":[{"hash":"3191fd1c0a471a34b3dbbfae8e305946280b0d42","isMergeCommit":false,"messageTitle":"[#12048] Migrate UpdateStudentAction (#12727)","messageBody":"* Modify student entity\r\n\r\n* Add update comment logic\r\n\r\n* Modify logic files for cascading update and creation for student\r\n\r\n* Add database queries for updating student\r\n\r\n* Update EnrollStudentsAction\r\n\r\n* Fix checkstyle\r\n\r\n* Remove extra query for editor update\r\n\r\n* Remove email update logic\r\n\r\n* Update javadocs\r\n\r\n* Copy over logic for Team and Section validation\r\n\r\n* Edit javadocs\r\n\r\n* Change StudentAttributes to Student instead\r\n\r\n* Fix lint issues\r\n\r\n* Fix lint issues\r\n\r\n* Fix component tests and lint\r\n\r\n* Remove ununsed method\r\n\r\n* Fix lint\r\n\r\n* Update validation logic to use Student\r\n\r\n* Update test case\r\n\r\n* Add tests for duplicate team across sections\r\n\r\n* Migrate UpdateStudentAction and add tests\r\n\r\n* Remove resetStudentGoogleId\r\n\r\n* Refactor updateStudentCascade\r\n\r\n* Fix integration tests\r\n\r\n* Fix checkstyle\r\n\r\n* Fix integration tests\r\n\r\n* Fix lint\r\n\r\n* Add persist verification in test\r\n\r\n* Fix test\r\n\r\n* Fix tests\r\n\r\n* Remove unused method\r\n\r\n* Fix test\r\n\r\n* Fix test\r\n\r\n* Fix test\r\n\r\n* Split UpdateStudentActionIT into multiple testcases\r\n\r\n* Add test separators\r\n\r\n---------\r\n\r\nCo-authored-by: Dominic Berzin \u003cberzindominic@gmail.com\u003e\r\nCo-authored-by: domoberzin \u003c74132255+domoberzin@users.noreply.github.com\u003e","fileTypesAndContributionMap":{"java":{"insertions":522,"deletions":36}}}]}],"nknguyenhc":[{"date":"2023-12-25","commitResults":[{"hash":"a64f6605aec32e664527d017f7e2d9946010d4b2","isMergeCommit":false,"messageTitle":"[#12654] Instructor Edit Session Page: Bug in Grace Period Tooltip (#12675)","messageBody":"* Fix grace period tooltip\r\n\r\n* Update test cases\r\n\r\n---------\r\n\r\nCo-authored-by: Wei Qing \u003c48304907+weiquu@users.noreply.github.com\u003e\r\nCo-authored-by: Dominic Lim \u003c46486515+domlimm@users.noreply.github.com\u003e","fileTypesAndContributionMap":{"html":{"insertions":2,"deletions":2}}}]}],"Arif-Khalid":[],"NereusWB922":[],"dishenggg":[{"date":"2024-02-04","commitResults":[{"hash":"c8723d594557a0afdc117d679b9b4dfa41b32b61","isMergeCommit":false,"messageTitle":"[#12048] Migrate GetCourseJoinStatusAction (#12713)","messageBody":"* Migrate get course join status\r\n\r\n* Add IT for getCourseJoinStatusAction\r\n\r\n* Fix checkstyle\r\n\r\n* Update testcases\r\n\r\n* Update testcases\r\n\r\n* Refactor code\r\n\r\n---------\r\n\r\nCo-authored-by: dishenggg \u003cdisheng05@gmail.com\u003e\r\nCo-authored-by: FergusMok \u003cFergusMok1@gmail.com\u003e","fileTypesAndContributionMap":{"java":{"insertions":262,"deletions":25}}}]},{"date":"2024-02-11","commitResults":[{"hash":"13c58fd88627b5fd90ca5aa5d605a6d2420cf128","isMergeCommit":false,"messageTitle":"[#12048] Migrate PutDataBundleDocumentsAction (#12734)","messageBody":"","fileTypesAndContributionMap":{"java":{"insertions":50,"deletions":4}}}]},{"date":"2024-02-18","commitResults":[{"hash":"5bfb84739674612f2d8d4f7c9d0202f5f2dbab83","isMergeCommit":false,"messageTitle":"Merge restore deleted to db (#12751)","messageBody":"Co-authored-by: Cedric Ong \u003c67156011+cedricongjh@users.noreply.github.com\u003e","fileTypesAndContributionMap":{"java":{"insertions":1,"deletions":0}}}]},{"date":"2024-02-22","commitResults":[{"hash":"5b3a96fdde95d6ab3fef6b861c2867efe92d15f4","isMergeCommit":false,"messageTitle":"[#12048] Add test cases for FeedbackSessionsDb (#12752)","messageBody":"* Add test for FeedbackSessionsDb\r\n\r\n* update test cases\r\n\r\n---------\r\n\r\nCo-authored-by: Cedric Ong \u003c67156011+cedricongjh@users.noreply.github.com\u003e","fileTypesAndContributionMap":{"java":{"insertions":253,"deletions":2}}}]},{"date":"2024-02-24","commitResults":[{"hash":"8125d5353307b0d225e90fc671c3f7420e8602a4","isMergeCommit":false,"messageTitle":"migrate instructor notif e2e (#12792)","messageBody":"Co-authored-by: Cedric Ong \u003c67156011+cedricongjh@users.noreply.github.com\u003e","fileTypesAndContributionMap":{"java":{"insertions":28,"deletions":21}}}]}],"MadLamprey":[],"Tim-Siu":[{"date":"2023-12-22","commitResults":[{"hash":"fdfdded21b473d79468a263a61b32985cce72ed3","isMergeCommit":false,"messageTitle":"[#3942] Instructor\u0027s Student Records Page: Feedback session panel chevron barely visible #12668 (#12673)","messageBody":"* Fix chevron color issue\r\n\r\n* Replace property binding with static value assignation","fileTypesAndContributionMap":{"html":{"insertions":1,"deletions":1}}}]}]},"authorFileTypeContributionMap":{"xenosf":{"java":2671,"js":0,"scss":0,"md":0,"py":0,"tag":0,"html":0,"ts":0},"sopa301":{"java":0,"js":0,"scss":0,"md":0,"py":0,"tag":0,"html":0,"ts":0},"mingyuanc":{"java":669,"js":0,"scss":0,"md":0,"py":0,"tag":0,"html":0,"ts":0},"jingting1412":{"java":0,"js":0,"scss":0,"md":0,"py":0,"tag":0,"html":0,"ts":0},"KevinEyo1":{"java":0,"js":0,"scss":0,"md":0,"py":0,"tag":0,"html":0,"ts":0},"LamJiuFong":{"java":0,"js":0,"scss":0,"md":0,"py":0,"tag":0,"html":0,"ts":0},"yiwen101":{"java":0,"js":0,"scss":0,"md":0,"py":0,"tag":0,"html":0,"ts":0},"jonasongg":{"java":0,"js":0,"scss":0,"md":0,"py":0,"tag":0,"html":0,"ts":0},"domoberzin":{"java":2188,"js":0,"scss":0,"md":0,"py":0,"tag":0,"html":0,"ts":0},"asdfghjkxd":{"java":0,"js":0,"scss":0,"md":0,"py":0,"tag":0,"html":0,"ts":0},"yuanxi1":{"java":1108,"js":0,"scss":0,"md":0,"py":0,"tag":0,"html":3,"ts":0},"supermii2":{"java":0,"js":0,"scss":0,"md":0,"py":0,"tag":0,"html":0,"ts":0},"marquestye":{"java":513,"js":0,"scss":0,"md":0,"py":0,"tag":0,"html":0,"ts":0},"nknguyenhc":{"java":0,"js":0,"scss":0,"md":0,"py":0,"tag":0,"html":2,"ts":0},"Arif-Khalid":{"java":0,"js":0,"scss":0,"md":0,"py":0,"tag":0,"html":0,"ts":0},"NereusWB922":{"java":0,"js":0,"scss":0,"md":0,"py":0,"tag":0,"html":0,"ts":0},"dishenggg":{"java":569,"js":0,"scss":0,"md":0,"py":0,"tag":0,"html":0,"ts":0},"MadLamprey":{"java":0,"js":0,"scss":0,"md":0,"py":0,"tag":0,"html":0,"ts":0},"Tim-Siu":{"java":0,"js":0,"scss":0,"md":0,"py":0,"tag":0,"html":1,"ts":0}},"authorContributionVariance":{"xenosf":66278.43,"sopa301":0.0,"mingyuanc":1512.3846,"jingting1412":0.0,"KevinEyo1":0.0,"LamJiuFong":0.0,"yiwen101":0.0,"jonasongg":0.0,"domoberzin":12896.004,"asdfghjkxd":0.0,"yuanxi1":6516.1294,"supermii2":0.0,"marquestye":3082.502,"nknguyenhc":0.15840021,"Arif-Khalid":0.0,"NereusWB922":0.0,"dishenggg":1485.3894,"MadLamprey":0.0,"Tim-Siu":0.039600052},"authorDisplayNameMap":{"xenosf":"XENO..NONG","sopa301":"POON..RYAN","mingyuanc":"CHIN..YUAN","jingting1412":"WANG..TING","KevinEyo1":"EYO ..EVIN","LamJiuFong":"LAM ..FONG","yiwen101":"WANG..IWEN","jonasongg":"JONA.. WEI","domoberzin":"DOMI.. GIN","asdfghjkxd":"GEOR.. YAO","yuanxi1":"ZHU ..ANXI","supermii2":"ALVI..S NG","marquestye":"TYE ..QUES","nknguyenhc":"NGUY..UYEN","Arif-Khalid":"ARIF..ALID","NereusWB922":"NERE.. BIN","dishenggg":"YEO ..HENG","MadLamprey":"MISR..ITYA","Tim-Siu":"XU S..UYAO"}}
