{"authorDailyContributionsMap":{"xenosf":[{"date":"2024-02-15","commitResults":[{"hash":"3c0126ef4feeda7cedcd8f098ee953f916856d70","isMergeCommit":false,"messageTitle":"[#12048] Migrate StudentSearchIndexingWorkerAction (#12733)","messageBody":"* Migrate StudentSearchIndexingWorkerAction\r\n\r\n* Add IT for StudentSearchIndexingWorkerAction\r\n\r\n* Fix javadoc for putStudentDocument\r\n\r\n* Refactor SQL logic and Datastore execute logic to separate methods\r\n\r\n* Fix checkstyle errors\r\n\r\n* Reset student search collections before test\r\n\r\n* Rename test methods to use \"should\"","fileTypesAndContributionMap":{"java":{"insertions":116,"deletions":0}}}]},{"date":"2024-02-27","commitResults":[{"hash":"2dad48b8d3bf32fb337f3021bcf7a9021f15a656","isMergeCommit":false,"messageTitle":"[#12048] Migrate GetSessionResultsAction (#12719)","messageBody":"* Migrate SessionResultsData\r\n\r\n* Add default entities\r\n\r\n* Add helper methods to assist migrated logic\r\n\r\n* Migrate buildCompleteGiverRecipientMap\r\n\r\n* Migrate checkSpecificAccessControl\r\n\r\n* Add default team instance for instructor\r\n\r\n* Migrate session results data logic\r\n\r\n* Use default team entity for instructor instead of const\r\n\r\n* Migrate non-db logic\r\n\r\n* Refactor Datastore and SQL action logic out to separate methods\r\n\r\n* Fix checkstyle errors\r\n\r\n* Migrate DB logic\r\n\r\n* Fix checkstyle errors\r\n\r\n* Move default instructor team entity to const\r\n\r\n* Add test for SqlSessionResultsBundle\r\n\r\n* Fix SQL results bundle test\r\n\r\n* Add IT for GetSessionResultsAction\r\n\r\n* Fix action logic\r\n\r\n* Fix checkstyle errors\r\n\r\n* Remove unused method parameters\r\n\r\n* Fix persistence issues in test cases\r\n\r\n* Remove question getter for comment\r\n\r\n* Rename boolean methods to start with verb\r\n\r\n* Reword comment to clarify question ID\r\n\r\n* Refactor getting question UUID from param value\r\n\r\n* Remove unneeded getters\r\n\r\n* Remove entities from Const\r\n\r\n* Revert changes to SqlCourseRoster\r\n\r\n* Create and use missing response class\r\n\r\n* Refactor no response text to const\r\n\r\n* Migrate preview-related functionality\r\n\r\n* Migrate preview functionality for question output\r\n\r\n* Fix recipient section filter\r\n\r\n* Update test cases to handle question preview\r\n\r\n* Merge duplicate methods\r\n\r\n* Fix checkstyle errors\r\n\r\n* Add missing questions with non-visible preview responses\r\n\r\n* Remove outdated test\r\n\r\n* Edit for style and readability\r\n\r\n* Fix missing join\r\n\r\n* Fix section filtering logic\r\n\r\n* Fix checkstyle errors","fileTypesAndContributionMap":{"java":{"insertions":2563,"deletions":23}}}]},{"date":"2024-03-13","commitResults":[{"hash":"b8023350e370623921776a3cdc18776f65d1c3f6","isMergeCommit":false,"messageTitle":"[#12048] Add integration tests for FeedbackResponseCommentsDb (#12849)","messageBody":"* Migrate SessionResultsData\r\n\r\n* Add default entities\r\n\r\n* Add helper methods to assist migrated logic\r\n\r\n* Migrate buildCompleteGiverRecipientMap\r\n\r\n* Migrate checkSpecificAccessControl\r\n\r\n* Add default team instance for instructor\r\n\r\n* Migrate session results data logic\r\n\r\n* Use default team entity for instructor instead of const\r\n\r\n* Migrate non-db logic\r\n\r\n* Refactor Datastore and SQL action logic out to separate methods\r\n\r\n* Fix checkstyle errors\r\n\r\n* Migrate DB logic\r\n\r\n* Fix checkstyle errors\r\n\r\n* Move default instructor team entity to const\r\n\r\n* Add test for SqlSessionResultsBundle\r\n\r\n* Fix SQL results bundle test\r\n\r\n* Add IT for GetSessionResultsAction\r\n\r\n* Fix action logic\r\n\r\n* Fix checkstyle errors\r\n\r\n* Remove unused method parameters\r\n\r\n* Fix persistence issues in test cases\r\n\r\n* Remove question getter for comment\r\n\r\n* Rename boolean methods to start with verb\r\n\r\n* Reword comment to clarify question ID\r\n\r\n* Refactor getting question UUID from param value\r\n\r\n* Remove unneeded getters\r\n\r\n* Remove entities from Const\r\n\r\n* Revert changes to SqlCourseRoster\r\n\r\n* Create and use missing response class\r\n\r\n* Refactor no response text to const\r\n\r\n* Migrate preview-related functionality\r\n\r\n* Migrate preview functionality for question output\r\n\r\n* Fix recipient section filter\r\n\r\n* Update test cases to handle question preview\r\n\r\n* Merge duplicate methods\r\n\r\n* Fix checkstyle errors\r\n\r\n* Add missing questions with non-visible preview responses\r\n\r\n* Remove outdated test\r\n\r\n* Edit for style and readability\r\n\r\n* Fix missing join\r\n\r\n* Fix section filtering logic\r\n\r\n* Fix checkstyle errors\r\n\r\n* Add integration tests\r\n\r\n* Refactor tests for readability\r\n\r\n* Fix broken test cases\r\n\r\n* Rename test section key\r\n\r\n* Use separate json bundle for test data\r\n\r\n* Clear session when set up\r\n\r\n---------\r\n\r\nCo-authored-by: Cedric Ong \u003c67156011+cedricongjh@users.noreply.github.com\u003e","fileTypesAndContributionMap":{"java":{"insertions":202,"deletions":8}}}]},{"date":"2024-03-14","commitResults":[{"hash":"931dea4d8747bfec25bd10309e2b722a743a6b7e","isMergeCommit":false,"messageTitle":"[#12048] Add integration tests for FeedbackResponsesDb (#12856)","messageBody":"* Migrate SessionResultsData\r\n\r\n* Add default entities\r\n\r\n* Add helper methods to assist migrated logic\r\n\r\n* Migrate buildCompleteGiverRecipientMap\r\n\r\n* Migrate checkSpecificAccessControl\r\n\r\n* Add default team instance for instructor\r\n\r\n* Migrate session results data logic\r\n\r\n* Use default team entity for instructor instead of const\r\n\r\n* Migrate non-db logic\r\n\r\n* Refactor Datastore and SQL action logic out to separate methods\r\n\r\n* Fix checkstyle errors\r\n\r\n* Migrate DB logic\r\n\r\n* Fix checkstyle errors\r\n\r\n* Move default instructor team entity to const\r\n\r\n* Add test for SqlSessionResultsBundle\r\n\r\n* Fix SQL results bundle test\r\n\r\n* Add IT for GetSessionResultsAction\r\n\r\n* Fix action logic\r\n\r\n* Fix checkstyle errors\r\n\r\n* Remove unused method parameters\r\n\r\n* Fix persistence issues in test cases\r\n\r\n* Remove question getter for comment\r\n\r\n* Rename boolean methods to start with verb\r\n\r\n* Reword comment to clarify question ID\r\n\r\n* Refactor getting question UUID from param value\r\n\r\n* Remove unneeded getters\r\n\r\n* Remove entities from Const\r\n\r\n* Revert changes to SqlCourseRoster\r\n\r\n* Create and use missing response class\r\n\r\n* Refactor no response text to const\r\n\r\n* Migrate preview-related functionality\r\n\r\n* Migrate preview functionality for question output\r\n\r\n* Fix recipient section filter\r\n\r\n* Update test cases to handle question preview\r\n\r\n* Merge duplicate methods\r\n\r\n* Fix checkstyle errors\r\n\r\n* Add missing questions with non-visible preview responses\r\n\r\n* Remove outdated test\r\n\r\n* Edit for style and readability\r\n\r\n* Fix missing join\r\n\r\n* Fix section filtering logic\r\n\r\n* Fix checkstyle errors\r\n\r\n* Add integration tests\r\n\r\n* Update and use typical bundle\r\n\r\n* Update test cases for updated bundle\r\n\r\n* Revert typical data bundle\r\n\r\n* Use separate data bundle for feedback responses test\r\n\r\n* Revert unrelated tests\r\n\r\n* Fix json formatting\r\n\r\n---------\r\n\r\nCo-authored-by: Cedric Ong \u003c67156011+cedricongjh@users.noreply.github.com\u003e","fileTypesAndContributionMap":{"java":{"insertions":215,"deletions":19}}}]},{"date":"2024-03-27","commitResults":[{"hash":"f7eaa617f1e129a828bc4eb5b3f2776629ef9a3f","isMergeCommit":false,"messageTitle":"[#11878] Upgrade instructor request form UI (#12929)","messageBody":"* Add confirmation prompt\r\n\r\n* Remove old form iframe\r\n\r\n* Improve declaration view spacing\r\n\r\n* Edit page heading phrasing for clarity\r\n\r\n* Create request form\r\n\r\n* Add validation messages\r\n\r\n* Fix form validation\r\n\r\n* Set up form submission confirmation\r\n\r\n* Create submission acknowledgement view\r\n\r\n* Fix URL checking regex\r\n\r\n* Fix initial state\r\n\r\n* Display placeholder when optional field is empty\r\n\r\n* Fix code style\r\n\r\n* Edit comment for clarity\r\n\r\n* Fix institution and country combination\r\n\r\nCo-authored-by: Jay Aljelo Ting \u003c65202977+jayasting98@users.noreply.github.com\u003e\r\n\r\n* Fix naming\r\n\r\n* Remove hard line break\r\n\r\n* Add explanatory comment for regex\r\n\r\n* Remove newline\r\n\r\n* Add newlines at end of file\r\n\r\n* Clear styles file\r\n\r\n* Re-add styles file\r\n\r\n* Include test\r\n\r\n* Add test cases for requestSubmissionEvent\r\n\r\n* Improve test case readability\r\n\r\n* Edit test case name for clarity\r\n\r\n* Add snapshot tests\r\n\r\n* Revert \"Add snapshot tests\"\r\n\r\nThis reverts commit ec7395d4e8bd0d956f3c355b9906ec0ab3ae0f58.\r\n\r\n* Fix lint errors\r\n\r\n* Rename methods to be clearer\r\n\r\n* Disable submit button when not ready to submit\r\n\r\n---------\r\n\r\nCo-authored-by: Jay Aljelo Ting \u003c65202977+jayasting98@users.noreply.github.com\u003e","fileTypesAndContributionMap":{"scss":{"insertions":27,"deletions":0},"html":{"insertions":155,"deletions":11},"ts":{"insertions":198,"deletions":0}}}]},{"date":"2024-03-29","commitResults":[{"hash":"f6329eb10233e07143153782451605524216c901","isMergeCommit":false,"messageTitle":"[#11878] Add snapshot tests for instructor request form UI (#12942)","messageBody":"* Add snapshot tests\r\n\r\n* Change double quotes to single quotes","fileTypesAndContributionMap":{"ts":{"insertions":31,"deletions":0}}}]},{"date":"2024-03-30","commitResults":[{"hash":"00b85cec55172709a112a6519ff11316b448f79e","isMergeCommit":false,"messageTitle":"[#11878] Create instructor request acknowledgement email (#12944)","messageBody":"* Create instructor request acknowledgement email\r\n\r\n* Add tests for acknowledgement email\r\n\r\n* Fix test cases\r\n\r\n* Fix comments in expected email\r\n\r\n* Use config support email value in email template\r\n\r\n* Fix email recipient\r\n\r\n* Fix test expected emails\r\n\r\n* Remove trailing space\r\n\r\n* Use placeholder for support email\r\n\r\n* Sanitize acknowledgement email\r\n\r\n* Set acknowledgement email to bcc support","fileTypesAndContributionMap":{"java":{"insertions":80,"deletions":3},"html":{"insertions":195,"deletions":0}}}]},{"date":"2024-04-02","commitResults":[{"hash":"7ec74c76f1feb2c2528ac061e88332e166994316","isMergeCommit":false,"messageTitle":"[#11878] Change institute length limit (#12974)","messageBody":"* Change institute name max length to 128\r\n\r\n* Edit test case for new length limit","fileTypesAndContributionMap":{"java":{"insertions":6,"deletions":5}}}]},{"date":"2024-04-04","commitResults":[{"hash":"de3181a347f241d23d34dad524a2542231a03e1f","isMergeCommit":false,"messageTitle":"[#11878] Integrate instructor request form with API (#12943)","messageBody":"* Integrate instructor request form FE with API\r\n\r\n* Remove redundant statement\r\n\r\n* Move URL regex const to backend const file\r\n\r\n* Fix import path\r\n\r\n* Move URL regex to FieldValidator\r\n\r\n* Add validators to match backend fields\r\n\r\n* Add error message box\r\n\r\n* Change submit button display when loading\r\n\r\n* Combine final action into subscribe\r\n\r\n* Add max length validators for institution and country\r\n\r\n* Fix lint errors\r\n\r\n* Add test cases to test submission\r\n\r\n* Add specific error messages for form validation\r\n\r\n* Remove home page URL field\r\n\r\n* Fix lint errors\r\n\r\n* Remove url regex from test\r\n\r\n* Update snap\r\n\r\n* Clean up test code\r\n\r\n* Remove comment about home page URL\r\n\r\n* Change canSubmit check to getter\r\n\r\n* Fix form submit button not re-enabling on error\r\n\r\n* Add name pattern validator to front-end\r\n\r\n* Fix snapshot","fileTypesAndContributionMap":{"java":{"insertions":40,"deletions":0},"scss":{"insertions":4,"deletions":0},"html":{"insertions":48,"deletions":30},"ts":{"insertions":153,"deletions":53}}}]},{"date":"2024-04-09","commitResults":[{"hash":"1e9ccb091fac81793a93c460e017c076b797c66b","isMergeCommit":false,"messageTitle":"[#12048] Migrate AccountRequestsLogicTest (#12780)","messageBody":"* Migrate test cases for AccountRequestsLogic\r\n\r\n* Remove test case\r\n\r\n* Split test cases","fileTypesAndContributionMap":{"java":{"insertions":182,"deletions":0}}},{"hash":"fb0ba194ba1759bc5ce1da0f23ec467bdfed36fe","isMergeCommit":false,"messageTitle":"[#11878] Create reject account request endpoint (#12985)","messageBody":"* Create account request rejection endpoint\r\n\r\n* Add validation\r\n\r\n* Add check for already rejected request when sending email\r\n\r\n* Add integration test cases\r\n\r\n* Set request method to post\r\n\r\n* Fix lint errors\r\n\r\n* Update tests list\r\n\r\n* Update validation check\r\n\r\n* Add test for validation\r\n\r\n* Fix lint errors\r\n\r\n* Fix validation comparison\r\n\r\n* Fix error message test\r\n\r\n* Add email sending\r\n\r\n* Update test cases\r\n\r\n* Refactor reason check code for clarity","fileTypesAndContributionMap":{"java":{"insertions":371,"deletions":3}}}]},{"date":"2024-04-15","commitResults":[{"hash":"bb261f4fdaff9efad9048da9dae71578a11cf09a","isMergeCommit":false,"messageTitle":"[#11878] Remove mention of home page URL from confirmation email (#13030)","messageBody":"","fileTypesAndContributionMap":{"html":{"insertions":3,"deletions":3}}}]},{"date":"2024-04-16","commitResults":[{"hash":"665752c8ff7379ebef441b427093fcbefd8bb561","isMergeCommit":false,"messageTitle":"[#11878] Check if account request is not created by admin before sending email (#13032)","messageBody":"* Add check if admin when creating account request\r\n\r\n* Trim down test case","fileTypesAndContributionMap":{"java":{"insertions":25,"deletions":5}}}]},{"date":"2024-04-17","commitResults":[{"hash":"ab22022dc4511f3f522931c2ab1324de5dbebea9","isMergeCommit":false,"messageTitle":"[#11878] Migrate AccountRequestsLogic unit tests (#13043)","messageBody":"* Add get typical account request method\r\n\r\n* Migrate AccountRequestsLogicTest\r\n\r\n* Remove test for get by email address and institute\r\n\r\n---------\r\n\r\nCo-authored-by: Jay Aljelo Ting \u003c65202977+jayasting98@users.noreply.github.com\u003e","fileTypesAndContributionMap":{"java":{"insertions":139,"deletions":1}}}]},{"date":"2024-04-18","commitResults":[{"hash":"2cc6ef82fc92e2bc742c39b6c5b337330faf5e62","isMergeCommit":false,"messageTitle":"[#11878] Add SQLI tests (#13047)","messageBody":"","fileTypesAndContributionMap":{"java":{"insertions":31,"deletions":0}}}]}],"sopa301":[],"mingyuanc":[{"date":"2024-02-07","commitResults":[{"hash":"cc0bf4f77bc293c689f5e721d16aae14f150e152","isMergeCommit":false,"messageTitle":"[#12048] Migrate CreateInstructorAction (#12706)","messageBody":"","fileTypesAndContributionMap":{"java":{"insertions":257,"deletions":37}}}]},{"date":"2024-02-18","commitResults":[{"hash":"8e757e2125448b07dbc7e46d94e8967c9925da4c","isMergeCommit":false,"messageTitle":"[#12048] Migrate instructor search indexing worker action (#12731)","messageBody":"* Fix lint\r\n\r\n* Migrate instructor search indexing worker action\r\n\r\n* Fix Checkstyle\r\n\r\n* Fix Checkstyle\r\n\r\n* Fix Checkstyle\r\n\r\n* Add testcases\r\n\r\n* Update comparator to Id\r\n\r\n---------\r\n\r\nCo-authored-by: Cedric Ong \u003c67156011+cedricongjh@users.noreply.github.com\u003e\r\nCo-authored-by: Nicolas \u003c25302138+NicolasCwy@users.noreply.github.com\u003e","fileTypesAndContributionMap":{"java":{"insertions":107,"deletions":0}}}]},{"date":"2024-02-19","commitResults":[{"hash":"d6c67fc9dd31c36f196be454a22cce955e1c8229","isMergeCommit":false,"messageTitle":"Add testcases for FeedbackResponseCommentsDbTest (#12755)","messageBody":"* Add CRUD testcases\r\n\r\n* Fix linting\r\n\r\n* Refactor getTypicalComment\r\n\r\n* Amend testDeleteComment testcase\r\n\r\n* Amend testDeleteComment testcase\r\n\r\n* Fix compile error\r\n\r\n* Revert linting changes\r\n\r\n---------\r\n\r\nCo-authored-by: Nicolas \u003c25302138+NicolasCwy@users.noreply.github.com\u003e","fileTypesAndContributionMap":{"java":{"insertions":156,"deletions":1}}}]},{"date":"2024-03-09","commitResults":[{"hash":"ef31826b7ec1e1308c0e6016ba513e9c6afa3c58","isMergeCommit":false,"messageTitle":"Add testcases for FeedbackResponseCommentsLogicTest (#12769)","messageBody":"* Added testcase\r\n\r\n* Add new testcases\r\n\r\n* Remove dead store\r\n\r\n---------\r\n\r\nCo-authored-by: Wei Qing \u003c48304907+weiquu@users.noreply.github.com\u003e","fileTypesAndContributionMap":{"java":{"insertions":185,"deletions":0}}}]},{"date":"2024-03-27","commitResults":[{"hash":"0cfadeffbb74c112f2705ade1be7c6b0cf61d51f","isMergeCommit":false,"messageTitle":"[#12048] Migrate Feedback Rank Option E2E test (#12902)","messageBody":"* Initial commit\r\n\r\n* Fix lint\r\n\r\n* Follow convention and add test\r\n\r\n* Change file path\r\n\r\n* Fix requested changes\r\n\r\n* Fixed testcases\r\n\r\n* Fix lint\r\n\r\n* Add deepcopy\r\n\r\n* Fixed e2e test\r\n\r\n---------\r\n\r\nCo-authored-by: Wei Qing \u003c48304907+weiquu@users.noreply.github.com\u003e\r\nCo-authored-by: Cedric Ong \u003c67156011+cedricongjh@users.noreply.github.com\u003e","fileTypesAndContributionMap":{"java":{"insertions":154,"deletions":4}}}]},{"date":"2024-04-15","commitResults":[{"hash":"98d9044d7e95ecdaf31f2191f76fa0254ace4f40","isMergeCommit":false,"messageTitle":"Initial commit (#13024)","messageBody":"","fileTypesAndContributionMap":{"java":{"insertions":2,"deletions":2}}}]},{"date":"2024-04-17","commitResults":[{"hash":"f8522866c39bc7d7208f1e3443061b408ef4af9e","isMergeCommit":false,"messageTitle":"[#12048] Fix getSessionResultAction bugs (#13023)","messageBody":"* [#12048] Config prod settings and convenience scripts  for non course migration (#12959)\r\n\r\n* Add fields\r\n\r\n* Change based on feedback\r\n\r\n* Add changes\r\n\r\n* Add reverse data migration script for account (#12962)\r\n\r\n* Add changes (#12965)\r\n\r\n* V9 non course migration fix to check extra SQL accounts (#12966)\r\n\r\n* Add changes\r\n\r\n* Add isMarked script\r\n\r\n* Add patch data migration script for usage stats (#12970)\r\n\r\n* Add patch data migration script for usage stats\r\n\r\n* Fix hibernate batch query\r\n\r\n* Revert log\r\n\r\n* Initial commit\r\n\r\n* Revert \"[#12048] Config prod settings and convenience scripts  for non course migration (#12959)\"\r\n\r\nThis reverts commit 6df39c19108de833624992c56e09f75960ff65c1.\r\n\r\n* Revert \"Add reverse data migration script for account (#12962)\"\r\n\r\nThis reverts commit 05099825679c31ace2872860a358288ec0bdacc3.\r\n\r\n* Revert \"V9 non course migration fix to check extra SQL accounts (#12966)\"\r\n\r\nThis reverts commit 611b2cc3682b11e75c3631a8843aa030e8a34b9d.\r\n\r\n* Revert \"Add patch data migration script for usage stats (#12970)\"\r\n\r\nThis reverts commit 239ae85a5bd2d40ea4464b6e47a626f76913a6e1.\r\n\r\n* Revert \"Add changes (#12965)\"\r\n\r\nThis reverts commit 1292dbe995e50b9c3fe1bf5ec377e92f6f751ec2.\r\n\r\n* Fix lint\r\n\r\n* Retry lint\r\n\r\n---------\r\n\r\nCo-authored-by: FergusMok \u003cFergusMok1@gmail.com\u003e\r\nCo-authored-by: Zhang Ziqing \u003c69516975+ziqing26@users.noreply.github.com\u003e\r\nCo-authored-by: Wei Qing \u003c48304907+weiquu@users.noreply.github.com\u003e","fileTypesAndContributionMap":{"java":{"insertions":33,"deletions":5}}}]}],"jingting1412":[{"date":"2024-03-16","commitResults":[{"hash":"2d1080682a62f32981cb4b0edd497f0928bcd83b","isMergeCommit":false,"messageTitle":"[#12271] Docs: Upgrade to latest MarkBind version (#12893)","messageBody":"* Upgrade layouts\r\n\r\n* Add breadcrumb for pages\r\n\r\n* Fix puml diagrams\r\n\r\n* Make navbar sticky\r\n\r\n* Upgrade markbind version\r\n\r\n* Upgrade markbind\r\n\r\n* Upgrade markbind version\r\n\r\n* Update pages\r\n\r\n* Revert \"Upgrade markbind version\"\r\n\r\nThis reverts commit 76b2d44f3bc57d5bfdf03fdb2c01cb92a186105f.\r\n\r\n---------\r\n\r\nCo-authored-by: Zhang Ziqing \u003c69516975+ziqing26@users.noreply.github.com\u003e","fileTypesAndContributionMap":{"md":{"insertions":43,"deletions":44}}}]}],"KevinEyo1":[],"LamJiuFong":[],"yiwen101":[],"jonasongg":[],"domoberzin":[{"date":"2024-02-04","commitResults":[{"hash":"333f582460d9b1ba7174321de3ea3113cc71c9db","isMergeCommit":false,"messageTitle":"[#12048] Migrate enroll students action (#12715)","messageBody":"* Modify student entity\r\n\r\n* Add update comment logic\r\n\r\n* Modify logic files for cascading update and creation for student\r\n\r\n* Add database queries for updating student\r\n\r\n* Update EnrollStudentsAction\r\n\r\n* Fix checkstyle\r\n\r\n* Remove extra query for editor update\r\n\r\n* Remove email update logic\r\n\r\n* Update javadocs\r\n\r\n* Copy over logic for Team and Section validation\r\n\r\n* Edit javadocs\r\n\r\n* Change StudentAttributes to Student instead\r\n\r\n* Fix lint issues\r\n\r\n* Fix lint issues\r\n\r\n* Fix component tests and lint\r\n\r\n* Remove ununsed method\r\n\r\n* Fix lint\r\n\r\n* Update validation logic to use Student\r\n\r\n* Update test case\r\n\r\n* Add tests for duplicate team across sections\r\n\r\n* Remove unused methods and add getSection to UsersLogic\r\n\r\n* Fix sorting logic\r\n\r\n* Change getName method calls for section and team\r\n\r\n* Remove unused methods\r\n\r\n* Add more detail to JavaDocs\r\n\r\n* Remove unusued methods\r\n\r\n* Use getCourseId instead of toString\r\n\r\n* Modify test case\r\n\r\n* Revert changes\r\n\r\n* Change toString to  getCourseId\r\n\r\n* Update tests to include unregistered student\r\n\r\n* Fix trailing whitespaces","fileTypesAndContributionMap":{"java":{"insertions":875,"deletions":66}}}]},{"date":"2024-02-10","commitResults":[{"hash":"21ae95eab736f4c37933d3fa0fd9bd592c6b92d6","isMergeCommit":false,"messageTitle":"[#12048] Migrate search account requests action (#12726)","messageBody":"* feat: add search account request methods to SQL storage and logic layers\r\n\r\n* feat: migrate SearchAccountRequestsAction to use SQL logic\r\n\r\n* fix: failing tests\r\n\r\n* fix: remove commented line\r\n\r\n* fix: migrate AccountRequestSearch tests\r\n\r\n---------\r\n\r\nCo-authored-by: Dominic Lim \u003c46486515+domlimm@users.noreply.github.com\u003e","fileTypesAndContributionMap":{"java":{"insertions":347,"deletions":5}}}]},{"date":"2024-02-18","commitResults":[{"hash":"c314aa9f3462f76ac3a3e8d15e58289181b31573","isMergeCommit":false,"messageTitle":"[#12048] Add tests for CoursesLogic (#12746)","messageBody":"* feat: add tests for CoursesLogic\r\n\r\n* fix: verify parameters of mocked logic classes\r\n\r\n* fix: lint issues\r\n\r\n* fix: add additional verification of parameters\r\n\r\n---------\r\n\r\nCo-authored-by: Cedric Ong \u003c67156011+cedricongjh@users.noreply.github.com\u003e","fileTypesAndContributionMap":{"java":{"insertions":319,"deletions":2}}}]},{"date":"2024-02-20","commitResults":[{"hash":"daba8ebd1ead324ae4e4b2daba64d2586538a9f5","isMergeCommit":false,"messageTitle":"[#12048] Migrate AccountRequestSearchIndexingWorkerAction (#12757)","messageBody":"* feat: migrate account request search indexing worker action\r\n\r\n* fix: remove datastore logic and old test\r\n\r\n* fix: remove NPE suppress","fileTypesAndContributionMap":{"java":{"insertions":38,"deletions":13}}}]},{"date":"2024-02-24","commitResults":[{"hash":"7a22ab856fb641e0d7897a00e45ed3c5024ab766","isMergeCommit":false,"messageTitle":"[#12048] Fix GetSessionResponseStatsActionIT (#12777)","messageBody":"* Migrate GetSessionResponseStatsAction\r\n\r\n* fix: fix NPE issues\r\n\r\n* fix: remove extra comments\r\n\r\n* fix: remove extra line\r\n\r\n---------\r\n\r\nCo-authored-by: Zhang Ziqing \u003czhangziqing9926@gmail.com\u003e\r\nCo-authored-by: Wei Qing \u003c48304907+weiquu@users.noreply.github.com\u003e\r\nCo-authored-by: Zhang Ziqing \u003c69516975+ziqing26@users.noreply.github.com\u003e","fileTypesAndContributionMap":{"java":{"insertions":218,"deletions":15}}},{"hash":"7da77bb9ba38925e675b94d64dc6bff2d7d5bcc1","isMergeCommit":false,"messageTitle":"[#12048] Create IT for GetFeedbackSessionSubmittedGiverSetAction (#12778)","messageBody":"* Migrate GetSessionResponseStatsAction\r\n\r\n* fix: fix NPE issues\r\n\r\n* feat: add IT for GetFeedbackSessionSubmittedGiverSetAction\r\n\r\n* fix: remove extra comment\r\n\r\n* fix: remove duplicate method\r\n\r\n---------\r\n\r\nCo-authored-by: Zhang Ziqing \u003czhangziqing9926@gmail.com\u003e\r\nCo-authored-by: Wei Qing \u003c48304907+weiquu@users.noreply.github.com\u003e\r\nCo-authored-by: Zhang Ziqing \u003c69516975+ziqing26@users.noreply.github.com\u003e","fileTypesAndContributionMap":{"java":{"insertions":81,"deletions":3}}}]},{"date":"2024-02-26","commitResults":[{"hash":"500e7421dc31bd884ba6d2ff7a01b6abcabf646b","isMergeCommit":false,"messageTitle":"[#12048] Migrate Admin Notifications E2E Test (#12793)","messageBody":"* feat: add resources for admin notifications e2e test\r\n\r\n* fix: set created at on notification creation\r\n\r\n* feat: migrate admin notifications e2e test\r\n\r\n* fix: remove created at check for notifications\r\n\r\n* fix: remove extra comments\r\n\r\n* fix: remove explicit created at\r\n\r\n* fix: null check for created at\r\n\r\n* fix lint\r\n\r\n---------\r\n\r\nCo-authored-by: Cedric Ong \u003c67156011+cedricongjh@users.noreply.github.com\u003e\r\nCo-authored-by: Cedric Ong \u003ccedricongjh@gmail.com\u003e","fileTypesAndContributionMap":{"java":{"insertions":47,"deletions":34}}},{"hash":"203ec245f53c97be136208df3f583bfd6db97f8c","isMergeCommit":false,"messageTitle":"[#12048] Migrate AdminSearchPageE2ETest (#12838)","messageBody":"* migate admin search e2e\r\n\r\n* fix e2e test\r\n\r\n* fix failing tests\r\n\r\n* fix: add put sql document methods\r\n\r\n* fix: add migrated check back in\r\n\r\n* fix: add cleanup method\r\n\r\n* fix: add search document removal for account request\r\n\r\n* fix lint and tests\r\n\r\n* fix: json file formatting\r\n\r\n* fix: init both searchManagers\r\n\r\n* fix: add comments\r\n\r\n* fix: remove notifications field in data file\r\n\r\n---------\r\n\r\nCo-authored-by: Wei Qing \u003c48304907+weiquu@users.noreply.github.com\u003e","fileTypesAndContributionMap":{"java":{"insertions":201,"deletions":45}}}]},{"date":"2024-03-03","commitResults":[{"hash":"0f9d99069cca05ac16878b0f5e0fa78bf629d96d","isMergeCommit":false,"messageTitle":"[#12048] Add tests for CourseDbIT (#12786)","messageBody":"* feat: add more coverage for methods in CoursesDb\r\n\r\n* fix: add further test cases\r\n\r\n---------\r\n\r\nCo-authored-by: Dominic Lim \u003c46486515+domlimm@users.noreply.github.com\u003e","fileTypesAndContributionMap":{"java":{"insertions":165,"deletions":4}}}]},{"date":"2024-03-13","commitResults":[{"hash":"ccdb6ccf64330e83bff24d7b93e15f2081c30398","isMergeCommit":false,"messageTitle":"[#12048] Migrate InstructorSearchPageE2ETest (#12891)","messageBody":"* feat: migrate instructor search page e2e test\r\n\r\n* fix: add new line\r\n\r\n* fix axe test\r\n\r\n* remove extra whitespace","fileTypesAndContributionMap":{"java":{"insertions":5,"deletions":3}}}]},{"date":"2024-03-27","commitResults":[{"hash":"40613dff7486e2224c1375a218f55f442279a4e9","isMergeCommit":false,"messageTitle":"[#11878] Update Admin Home Page UI for ARF (#12933)","messageBody":"* create component for account request table\r\n\r\n* cherry pick admin home page changes\r\n\r\n* remove testing code\r\n\r\n* fix lint and css issues\r\n\r\n* fix admin home page snaps\r\n\r\n* update admin home snaps\r\n\r\n* remove edit approve and reject components\r\n\r\n* modify css\r\n\r\n* delete edit and reject modal components\r\n\r\n* revert spec file changes\r\n\r\n* integrate new types\r\n\r\n* fix lint\r\n\r\n* use enum for status\r\n\r\n* fix lint\r\n\r\n* fix css lint\r\n\r\n* fix lint\r\n\r\n* fix lint\r\n\r\n* use enum and remove infinite scroll\r\n\r\n* remove approve account request code\r\n\r\n* remove extra div\r\n\r\n* fix url\r\n\r\n* modify comments\r\n\r\n* revert extra formatting\r\n\r\n* remove plural form and use date pipe\r\n\r\n* fix naming\r\n\r\n* fix spec file and update institute formatting\r\n\r\n* fix lint\r\n\r\n* combine institute and country columns","fileTypesAndContributionMap":{"scss":{"insertions":63,"deletions":0},"html":{"insertions":84,"deletions":0},"ts":{"insertions":243,"deletions":9}}}]},{"date":"2024-03-28","commitResults":[{"hash":"561837052d6810ac904eb5cd34454e0cb98fa530","isMergeCommit":false,"messageTitle":"[#11878] Admin Search UI Update for ARF (#12945)","messageBody":"* update admin search page to use acc req component\r\n\r\n* fix selector for e2e test\r\n\r\n* fix spec files and imports\r\n\r\n* update e2e selector\r\n\r\n* fix column numbers","fileTypesAndContributionMap":{"java":{"insertions":5,"deletions":5},"html":{"insertions":2,"deletions":64},"ts":{"insertions":43,"deletions":78}}}]},{"date":"2024-04-05","commitResults":[{"hash":"5779d2f365abad11ed259714c8422bc66f82db1e","isMergeCommit":false,"messageTitle":"[#11878] Create Update Account Request Action (#12982)","messageBody":"* create update action and IT\r\n\r\n* update javadocs\r\n\r\n* update tests\r\n\r\n* add more tests\r\n\r\n* simplify logic\r\n\r\n* remove unused string\r\n\r\n* fix test\r\n\r\n* allow null comments\r\n\r\n* add more tests\r\n\r\n* use EntityNotFoundException\r\n\r\n* cleanup after create account requests test\r\n\r\n* remove unncessary check","fileTypesAndContributionMap":{"java":{"insertions":378,"deletions":0}}}]},{"date":"2024-04-06","commitResults":[{"hash":"4a54001bac3824cc8ac2fb66324d7061151f4504","isMergeCommit":false,"messageTitle":"[#11878] Fix Account Request Update Search Indexing (#12984)","messageBody":"* update account request indexing\r\n\r\n* add methods to test access control\r\n\r\n* refactoring for transactions","fileTypesAndContributionMap":{"java":{"insertions":259,"deletions":28}}}]},{"date":"2024-04-07","commitResults":[{"hash":"62750b08b4ea5169b7098e5071f1d58153152970","isMergeCommit":false,"messageTitle":"[#11878] Add Edit and Approve Account Requests functionality (#12975)","messageBody":"* add edit and approve functionality\r\n\r\n* remove rejection code\r\n\r\n* fix snap\r\n\r\n* integrate endpoint\r\n\r\n* disable approve button for approved requests\r\n\r\n* use comments instead of comment\r\n\r\n* use searchString instead of searchQuery\r\n\r\n* fix snap","fileTypesAndContributionMap":{"scss":{"insertions":0,"deletions":0},"html":{"insertions":42,"deletions":2},"ts":{"insertions":147,"deletions":9}}}]},{"date":"2024-04-09","commitResults":[{"hash":"84ed244ade96870b71346808916568ae41b64b92","isMergeCommit":false,"messageTitle":"[#12048] Migrate AdminSearchPageE2ETest SQL (#12811)","messageBody":"* test e2e changes\r\n\r\n* fix: reduce e2e test json file size\r\n\r\n* fix student key\r\n\r\n* fix course key\r\n\r\n* fix instructor keys\r\n\r\n* fix filepath\r\n\r\n* fix e2e test\r\n\r\n* remove extra data from bundle\r\n\r\n* Add correct removal logic to avoid constraint violation\r\n\r\n* Fix e2e tests and lint\r\n\r\nfix reset google id test\r\n\r\nfix e2e tests\r\n\r\nfix e2e tests\r\n\r\nfix tests\r\n\r\nremove double click\r\n\r\nfix unknown symbol\r\n\r\nadd toast check\r\n\r\nchange toast verification message\r\n\r\nremove toast check\r\n\r\n* fix: add null check\r\n\r\n* move admin search page e2e test to sql cases\r\n\r\n* Rename AdminSearchPageE2ETest_SQLEntities.json to AdminSearchPageE2ETest_SqlEntities.json\r\n\r\n* fix failing test\r\n\r\n* fix: remove extra null check\r\n\r\n* fix: add test to e2e sql xml file\r\n\r\n* fix function call\r\n\r\n* remove unnecessary changes\r\n\r\n* create new file for sql entities\r\n\r\n* revert unnecessary changes\r\n\r\n* remove trailing whitespace\r\n\r\n* add teardown for account requests\r\n\r\n---------\r\n\r\nCo-authored-by: Cedric Ong \u003c67156011+cedricongjh@users.noreply.github.com\u003e","fileTypesAndContributionMap":{"java":{"insertions":446,"deletions":11}}},{"hash":"50c87bc8390e6a7c3592e00ef5db575cc66f8fcc","isMergeCommit":false,"messageTitle":"use transactions for reject account request action (#13001)","messageBody":"","fileTypesAndContributionMap":{"java":{"insertions":53,"deletions":38}}}]},{"date":"2024-04-10","commitResults":[{"hash":"a36ecf7d6996d7e4b468d19eb8c9de42eceb65d3","isMergeCommit":false,"messageTitle":"[#11878] Create Rejection Modal for Account Requests (#12989)","messageBody":"* Create rejection modal\r\n\r\n* fix lint and tests\r\n\r\n* fix placeholders and lint\r\n\r\n* remove title\r\n\r\n* integrate api\r\n\r\n* check undefined title and body\r\n\r\n* fix trailing white spaces\r\n\r\n* fix whitespace\r\n\r\n* change error message\r\n\r\n* re-add account request table on home page\r\n\r\n* replace support email","fileTypesAndContributionMap":{"scss":{"insertions":0,"deletions":0},"html":{"insertions":37,"deletions":2},"ts":{"insertions":147,"deletions":1}}}]},{"date":"2024-04-11","commitResults":[{"hash":"ce75a0a56f69d64a0c4ebcf15cffa78c9ca7b182","isMergeCommit":false,"messageTitle":"[#11878] Add Error Message for Approving Existing Account (#13004)","messageBody":"* add error message for duplicate account request\r\n\r\n* add tests","fileTypesAndContributionMap":{"java":{"insertions":75,"deletions":0}}}]},{"date":"2024-04-12","commitResults":[{"hash":"451a25a53c859e2d5382842450158ea641ec92f7","isMergeCommit":false,"messageTitle":"[#11878] Handle Duplicate Approved Account Requests (#13009)","messageBody":"","fileTypesAndContributionMap":{"java":{"insertions":52,"deletions":0}}}]},{"date":"2024-04-14","commitResults":[{"hash":"4682dffb71e4566ed72a9e8a7b2b814e8d16f869","isMergeCommit":false,"messageTitle":"[#11878] Add tests for Account Request Table (#12977)","messageBody":"* add component tests for account request table\r\n\r\n* modify tests\r\n\r\n* remove old tests\r\n\r\n* remove comment\r\n\r\n* remove unnecessary code\r\n\r\n* add tests\r\n\r\n* update disabled criteria\r\n\r\n* remove extra builders and update snaps","fileTypesAndContributionMap":{"html":{"insertions":5,"deletions":5},"ts":{"insertions":641,"deletions":197}}}]},{"date":"2024-04-15","commitResults":[{"hash":"f0e2af37f90ed48f0e48c6e3222ae96b6c4eb7f7","isMergeCommit":false,"messageTitle":"[#11878] Fix Approval Email Bug (#13027)","messageBody":"","fileTypesAndContributionMap":{"java":{"insertions":1,"deletions":1}}},{"hash":"0f0fd05a3a1a36169972f73abd67da32cfb2ab73","isMergeCommit":false,"messageTitle":"[#11878] Add Toasts (#13028)","messageBody":"* add toasts\r\n\r\n* lint","fileTypesAndContributionMap":{"ts":{"insertions":9,"deletions":1}}},{"hash":"20c29e589224601c5ceace8a656f0c14a33ec36f","isMergeCommit":false,"messageTitle":"fix highlighting and null statuses (#13031)","messageBody":"","fileTypesAndContributionMap":{"html":{"insertions":4,"deletions":4},"ts":{"insertions":1,"deletions":1}}},{"hash":"3dab1dc547f30044b2d6938a5973b9ab34e70159","isMergeCommit":false,"messageTitle":"[#11878] Fix Overlapping Tooltip (#13026)","messageBody":"* fix tooltip\r\n\r\n* re-add removed lines\r\n\r\n* update snap\r\n\r\n* update snaps\r\n\r\n* lint\r\n\r\n* suppress warning\r\n\r\n* lint","fileTypesAndContributionMap":{"scss":{"insertions":3,"deletions":1},"html":{"insertions":2,"deletions":2}}}]},{"date":"2024-04-17","commitResults":[{"hash":"68a4fbfe4052918b322acdbf89144477f677eb22","isMergeCommit":false,"messageTitle":"[#11878] Add Admin E2E Tests (#13020)","messageBody":"* add admin e2e tests\r\n\r\n* remove exception catching and update snaps\r\n\r\n* fix snaps\r\n\r\n* add comment verification\r\n\r\n* fix test","fileTypesAndContributionMap":{"java":{"insertions":293,"deletions":0},"html":{"insertions":1,"deletions":1},"ts":{"insertions":2,"deletions":2}}}]},{"date":"2024-04-18","commitResults":[{"hash":"ce839ab4351aba3036c19afa92edc60cadcbd85f","isMergeCommit":false,"messageTitle":"fix edit (#13056)","messageBody":"Co-authored-by: Zhang Ziqing \u003c69516975+ziqing26@users.noreply.github.com\u003e","fileTypesAndContributionMap":{"ts":{"insertions":24,"deletions":14}}}]},{"date":"2024-04-19","commitResults":[{"hash":"f8bae93711d421abca2d55c08b8fd25e77a4f2ca","isMergeCommit":false,"messageTitle":"[#11878] Fix console errors (#13058)","messageBody":"","fileTypesAndContributionMap":{"html":{"insertions":3,"deletions":3},"ts":{"insertions":1,"deletions":1}}},{"hash":"ba6979e784af277f72d96563cb16ac4518618559","isMergeCommit":false,"messageTitle":"[#11878] Fix Rejection Modal (#13059)","messageBody":"","fileTypesAndContributionMap":{"ts":{"insertions":11,"deletions":5}}}]}],"asdfghjkxd":[],"yuanxi1":[{"date":"2023-12-28","commitResults":[{"hash":"5de8300549d6b06bd21d38f1d258bdcaebc6c443","isMergeCommit":false,"messageTitle":"[#12663] Instructor\u0027s Student Records Page: Tooltips for comments  (#12676)","messageBody":"* Fix comment tooltip causing the text to go into next line\r\n\r\n* Update snapshot test\r\n\r\n---------\r\n\r\nCo-authored-by: YX Z \u003cyxz@YXs-MacBook-Air-2.local\u003e\r\nCo-authored-by: Wei Qing \u003c48304907+weiquu@users.noreply.github.com\u003e\r\nCo-authored-by: Dominic Lim \u003c46486515+domlimm@users.noreply.github.com\u003e\r\nCo-authored-by: Jason Qiu \u003cjason_qiu@hotmail.com\u003e","fileTypesAndContributionMap":{"html":{"insertions":2,"deletions":2}}}]},{"date":"2024-02-06","commitResults":[{"hash":"f0279fa802b98f5dbf9d92c200168f21aa41ef62","isMergeCommit":false,"messageTitle":"[#12048] Migrate join course action (#12722)","messageBody":"* Add join course for student and instructor to AccountsLogic\r\n\r\n* Update AccountsLogic tests\r\n\r\n* Migrate JoinCourseAction\r\n\r\n* Add JoinCourseActionIT\r\n\r\n* Update to use usersLogic for student update\r\n\r\n* Fix failing IT caused by updates to typicalDataBundle\r\n\r\n* Fix failing IT\r\n\r\n* Remove print statements\r\n\r\n---------\r\n\r\nCo-authored-by: YX Z \u003cyxz@YXs-MacBook-Air-2.local\u003e\r\nCo-authored-by: Cedric Ong \u003c67156011+cedricongjh@users.noreply.github.com\u003e","fileTypesAndContributionMap":{"java":{"insertions":605,"deletions":12}}}]},{"date":"2024-02-14","commitResults":[{"hash":"33953dc064e3230bf0c27f2b591f5b06e212d8cf","isMergeCommit":false,"messageTitle":"[#12048] Migrate search students action (#12735)","messageBody":"* Migrate search students action and associated logic\r\n\r\n* Add tests for student search\r\n\r\n* Remove old test\r\n\r\n* Restore datastore test\r\n\r\n* Add support for dual db search\r\n\r\n* Suppress NPE warning\r\n\r\n---------\r\n\r\nCo-authored-by: YX Z \u003cyxz@YXs-MacBook-Air-2.local\u003e\r\nCo-authored-by: Wei Qing \u003c48304907+weiquu@users.noreply.github.com\u003e","fileTypesAndContributionMap":{"java":{"insertions":528,"deletions":5}}}]},{"date":"2024-02-25","commitResults":[{"hash":"a913315da176e03961d0a0a4fae955571a5bf8aa","isMergeCommit":false,"messageTitle":"Add locale for java datetime formatter (#12826)","messageBody":"Co-authored-by: YX Z \u003cyxz@r-154-105-25-172.comp.nus.edu.sg\u003e","fileTypesAndContributionMap":{"java":{"insertions":2,"deletions":1}}}]},{"date":"2024-02-26","commitResults":[{"hash":"7b2a69c88dad53002650c37e12a16ba6e5564281","isMergeCommit":false,"messageTitle":"[#12048] Migrate Notification Banner E2E (#12840)","messageBody":"* Add locale for java datetime formatter\r\n\r\n* Migrate non-course content for NotificationBannerE2ETest\r\n\r\n* Fix linting\r\n\r\n* Fix snapshot test\r\n\r\n---------\r\n\r\nCo-authored-by: YX Z \u003cyxz@r-154-105-25-172.comp.nus.edu.sg\u003e\r\nCo-authored-by: YX Z \u003cyxz@YXs-MacBook-Air-2.local\u003e\r\nCo-authored-by: Cedric Ong \u003c67156011+cedricongjh@users.noreply.github.com\u003e","fileTypesAndContributionMap":{"java":{"insertions":14,"deletions":14},"html":{"insertions":1,"deletions":1}}}]},{"date":"2024-03-19","commitResults":[{"hash":"a34c3c57b22456de526d5af9a0317d502f44907a","isMergeCommit":false,"messageTitle":"[#12048] Migrate InstructorNotificationsPageE2E (#12906)","messageBody":"* Migrate InstructorNotificationsPageE2E\r\n\r\n* Fix unsaved transient entity error\r\n\r\n* Fix lint\r\n\r\n* Fix lint\r\n\r\n* Update testng xml\r\n\r\n---------\r\n\r\nCo-authored-by: YX Z \u003cyxz@YXs-MacBook-Air-2.local\u003e\r\nCo-authored-by: YX Z \u003cyxz@r-121-109-25-172.comp.nus.edu.sg\u003e\r\nCo-authored-by: Wei Qing \u003c48304907+weiquu@users.noreply.github.com\u003e\r\nCo-authored-by: Cedric Ong \u003c67156011+cedricongjh@users.noreply.github.com\u003e","fileTypesAndContributionMap":{"java":{"insertions":202,"deletions":0}}}]}],"supermii2":[],"marquestye":[{"date":"2024-02-25","commitResults":[{"hash":"3191fd1c0a471a34b3dbbfae8e305946280b0d42","isMergeCommit":false,"messageTitle":"[#12048] Migrate UpdateStudentAction (#12727)","messageBody":"* Modify student entity\r\n\r\n* Add update comment logic\r\n\r\n* Modify logic files for cascading update and creation for student\r\n\r\n* Add database queries for updating student\r\n\r\n* Update EnrollStudentsAction\r\n\r\n* Fix checkstyle\r\n\r\n* Remove extra query for editor update\r\n\r\n* Remove email update logic\r\n\r\n* Update javadocs\r\n\r\n* Copy over logic for Team and Section validation\r\n\r\n* Edit javadocs\r\n\r\n* Change StudentAttributes to Student instead\r\n\r\n* Fix lint issues\r\n\r\n* Fix lint issues\r\n\r\n* Fix component tests and lint\r\n\r\n* Remove ununsed method\r\n\r\n* Fix lint\r\n\r\n* Update validation logic to use Student\r\n\r\n* Update test case\r\n\r\n* Add tests for duplicate team across sections\r\n\r\n* Migrate UpdateStudentAction and add tests\r\n\r\n* Remove resetStudentGoogleId\r\n\r\n* Refactor updateStudentCascade\r\n\r\n* Fix integration tests\r\n\r\n* Fix checkstyle\r\n\r\n* Fix integration tests\r\n\r\n* Fix lint\r\n\r\n* Add persist verification in test\r\n\r\n* Fix test\r\n\r\n* Fix tests\r\n\r\n* Remove unused method\r\n\r\n* Fix test\r\n\r\n* Fix test\r\n\r\n* Fix test\r\n\r\n* Split UpdateStudentActionIT into multiple testcases\r\n\r\n* Add test separators\r\n\r\n---------\r\n\r\nCo-authored-by: Dominic Berzin \u003cberzindominic@gmail.com\u003e\r\nCo-authored-by: domoberzin \u003c74132255+domoberzin@users.noreply.github.com\u003e","fileTypesAndContributionMap":{"java":{"insertions":522,"deletions":36}}}]},{"date":"2024-03-10","commitResults":[{"hash":"bf5a2ac8506bc49ecd1c479b634991a6380452e3","isMergeCommit":false,"messageTitle":"[#12048] Add tests for FeedbackQuestionsDb (#12759)","messageBody":"* Add verification during feedback question creation\r\n\r\n* Add tests for FeedbackQuestionsDb\r\n\r\n* Fix missing javadocs\r\n\r\n* Fix feedback question creation logic\r\n\r\n* Add test\r\n\r\n* Reuse error message\r\n\r\n---------\r\n\r\nCo-authored-by: Cedric Ong \u003c67156011+cedricongjh@users.noreply.github.com\u003e\r\nCo-authored-by: Zhang Ziqing \u003c69516975+ziqing26@users.noreply.github.com\u003e","fileTypesAndContributionMap":{"java":{"insertions":169,"deletions":17}}}]},{"date":"2024-04-09","commitResults":[{"hash":"b9ccd4fb42a005822ba785a396699cf2a5005cec","isMergeCommit":false,"messageTitle":"[#12048] Migrate FeedbackNumScaleQuestionE2ETest (#12940)","messageBody":"* Migrate num scale e2e\r\n\r\n* Fix team id\r\n\r\n* Fix bugs","fileTypesAndContributionMap":{"java":{"insertions":147,"deletions":0}}}]},{"date":"2024-04-19","commitResults":[{"hash":"498efdc87b2e1f1b201446fe05c1dbce3a54d210","isMergeCommit":false,"messageTitle":"Add composite index for data migration (#13057)","messageBody":"Co-authored-by: FergusMok \u003cFergusMok1@gmail.com\u003e","fileTypesAndContributionMap":{"java":{"insertions":37,"deletions":0}}}]}],"nknguyenhc":[{"date":"2023-12-25","commitResults":[{"hash":"a64f6605aec32e664527d017f7e2d9946010d4b2","isMergeCommit":false,"messageTitle":"[#12654] Instructor Edit Session Page: Bug in Grace Period Tooltip (#12675)","messageBody":"* Fix grace period tooltip\r\n\r\n* Update test cases\r\n\r\n---------\r\n\r\nCo-authored-by: Wei Qing \u003c48304907+weiquu@users.noreply.github.com\u003e\r\nCo-authored-by: Dominic Lim \u003c46486515+domlimm@users.noreply.github.com\u003e","fileTypesAndContributionMap":{"html":{"insertions":2,"deletions":2}}}]}],"Arif-Khalid":[],"NereusWB922":[],"dishenggg":[{"date":"2024-02-04","commitResults":[{"hash":"c8723d594557a0afdc117d679b9b4dfa41b32b61","isMergeCommit":false,"messageTitle":"[#12048] Migrate GetCourseJoinStatusAction (#12713)","messageBody":"* Migrate get course join status\r\n\r\n* Add IT for getCourseJoinStatusAction\r\n\r\n* Fix checkstyle\r\n\r\n* Update testcases\r\n\r\n* Update testcases\r\n\r\n* Refactor code\r\n\r\n---------\r\n\r\nCo-authored-by: dishenggg \u003cdisheng05@gmail.com\u003e\r\nCo-authored-by: FergusMok \u003cFergusMok1@gmail.com\u003e","fileTypesAndContributionMap":{"java":{"insertions":262,"deletions":25}}}]},{"date":"2024-02-11","commitResults":[{"hash":"13c58fd88627b5fd90ca5aa5d605a6d2420cf128","isMergeCommit":false,"messageTitle":"[#12048] Migrate PutDataBundleDocumentsAction (#12734)","messageBody":"","fileTypesAndContributionMap":{"java":{"insertions":50,"deletions":4}}}]},{"date":"2024-02-18","commitResults":[{"hash":"5bfb84739674612f2d8d4f7c9d0202f5f2dbab83","isMergeCommit":false,"messageTitle":"Merge restore deleted to db (#12751)","messageBody":"Co-authored-by: Cedric Ong \u003c67156011+cedricongjh@users.noreply.github.com\u003e","fileTypesAndContributionMap":{"java":{"insertions":1,"deletions":0}}}]},{"date":"2024-02-22","commitResults":[{"hash":"5b3a96fdde95d6ab3fef6b861c2867efe92d15f4","isMergeCommit":false,"messageTitle":"[#12048] Add test cases for FeedbackSessionsDb (#12752)","messageBody":"* Add test for FeedbackSessionsDb\r\n\r\n* update test cases\r\n\r\n---------\r\n\r\nCo-authored-by: Cedric Ong \u003c67156011+cedricongjh@users.noreply.github.com\u003e","fileTypesAndContributionMap":{"java":{"insertions":253,"deletions":2}}}]},{"date":"2024-02-24","commitResults":[{"hash":"8125d5353307b0d225e90fc671c3f7420e8602a4","isMergeCommit":false,"messageTitle":"migrate instructor notif e2e (#12792)","messageBody":"Co-authored-by: Cedric Ong \u003c67156011+cedricongjh@users.noreply.github.com\u003e","fileTypesAndContributionMap":{"java":{"insertions":28,"deletions":21}}}]},{"date":"2024-03-13","commitResults":[{"hash":"2ad2242e44748557db65217b87dda052cbf55f7c","isMergeCommit":false,"messageTitle":"[#12048] Add tests for FeedbackQuestionsDbIT (#12781)","messageBody":"* Add verification during feedback question creation\r\n\r\n* Add tests for FeedbackQuestionsDb\r\n\r\n* Fix missing javadocs\r\n\r\n* Fix feedback question creation logic\r\n\r\n* Add test\r\n\r\n* Reuse error message\r\n\r\n* Add tests for FeedbackQuestionsDbIT\r\n\r\n---------\r\n\r\nCo-authored-by: marquestye \u003ce0360581@u.nus.edu\u003e\r\nCo-authored-by: Wei Qing \u003c48304907+weiquu@users.noreply.github.com\u003e\r\nCo-authored-by: Cedric Ong \u003c67156011+cedricongjh@users.noreply.github.com\u003e","fileTypesAndContributionMap":{"java":{"insertions":72,"deletions":0}}}]},{"date":"2024-03-18","commitResults":[{"hash":"17866eb4b93c3d773296ea2022cbf3ad96585a16","isMergeCommit":false,"messageTitle":"[#11843] Create FeedbackSessionLog entity and cron job action (#12895)","messageBody":"* Create FeedbackSessionLog entity\r\n\r\n* fix lint\r\n\r\n* Create UpdateFeedbackSessionLogsAction\r\n\r\n* Sort query results from logging service\r\n\r\n* Update type of feedbackSessionLogType\r\n\r\n* Fix naming\r\n\r\n* Fix enum in entity\r\n\r\n* Update filter to differentiate by session\r\n\r\n* Add Uri Info\r\n\r\n* Add tests\r\n\r\n* Update test case\r\n\r\n* Update to getOrderedFeedbackSessionLogs","fileTypesAndContributionMap":{"java":{"insertions":426,"deletions":11}}}]},{"date":"2024-03-19","commitResults":[{"hash":"4dc0c6deff8108eba7be7d85ccdd2f770d2b1a8e","isMergeCommit":false,"messageTitle":"[#12048] Migrate FeedbackMsqQuestionE2ETest (#12904)","messageBody":"* Migrate test\r\n\r\n* Update test\r\n\r\n* Update sql json\r\n\r\n* fix lint\r\n\r\n* Fix lint\r\n\r\n* Update json and add test to xml\r\n\r\n* Revert \"Fix lint\"\r\n\r\nThis reverts commit f767b5233dc280290b31bc6e669b173d0befd26d.\r\n\r\n* Revert \"Update sql json\"\r\n\r\nThis reverts commit 45744750bb262c3537d5628e9beef1289e163fb6.\r\n\r\n* Fix xml\r\n\r\n* Change to use makeDeepCopy\r\n\r\n* sort questions\r\n\r\n* fix verifyEquals method\r\n\r\n---------\r\n\r\nCo-authored-by: Cedric Ong \u003c67156011+cedricongjh@users.noreply.github.com\u003e\r\nCo-authored-by: Cedric Ong \u003ccedricong99@gmail.com\u003e","fileTypesAndContributionMap":{"java":{"insertions":217,"deletions":4}}}]},{"date":"2024-03-27","commitResults":[{"hash":"e51132e3c4f2c694c60ac53e3f4a2dd973f9c1c9","isMergeCommit":false,"messageTitle":"[#12048] Migrate FeedbackMcqQuestionE2ETest (#12820)","messageBody":"* Migrate MCQ E2E\r\n\r\n* Fix lint\r\n\r\n* Fix lint\r\n\r\n* Update xml\r\n\r\n---------\r\n\r\nCo-authored-by: Cedric Ong \u003c67156011+cedricongjh@users.noreply.github.com\u003e","fileTypesAndContributionMap":{"java":{"insertions":166,"deletions":1}}}]},{"date":"2024-03-28","commitResults":[{"hash":"ccad41b26b4c62529fda29bc2d4b556e7098c356","isMergeCommit":false,"messageTitle":"[#11843] Create Logic and Db layer for FeedbackSessionLogs (#12914)","messageBody":"* Create FeedbackSessionLog entity\r\n\r\n* fix lint\r\n\r\n* Create UpdateFeedbackSessionLogsAction\r\n\r\n* Sort query results from logging service\r\n\r\n* Update type of feedbackSessionLogType\r\n\r\n* Fix naming\r\n\r\n* Fix enum in entity\r\n\r\n* Update filter to differentiate by session\r\n\r\n* Add Uri Info\r\n\r\n* Add tests\r\n\r\n* Update test case\r\n\r\n* Update to getOrderedFeedbackSessionLogs\r\n\r\n* Create skeleton\r\n\r\n* Implement logic and db layer\r\n\r\n* fix lint\r\n\r\n* Update entity\r\n\r\n* Fix tests\r\n\r\n* Fix bugs and optimize action\r\n\r\n* Prevent courseId from being null\r\n\r\n* Update GCP logs to store ids\r\n\r\n* Fix tests\r\n\r\n* Update action to use reference\r\n\r\n* Add some error handling\r\n\r\n* Fix tests\r\n\r\n* Add ids to api output","fileTypesAndContributionMap":{"java":{"insertions":1055,"deletions":124}}}]},{"date":"2024-04-05","commitResults":[{"hash":"a98630d6fe89136c4953bba2fd7b887e2e57b011","isMergeCommit":false,"messageTitle":"[#11843] Update GetFeedbackSessionLogsAction to use SQL db (#12938)","messageBody":"* Create FeedbackSessionLog entity\r\n\r\n* fix lint\r\n\r\n* Create UpdateFeedbackSessionLogsAction\r\n\r\n* Sort query results from logging service\r\n\r\n* Update type of feedbackSessionLogType\r\n\r\n* Fix naming\r\n\r\n* Fix enum in entity\r\n\r\n* Update filter to differentiate by session\r\n\r\n* Add Uri Info\r\n\r\n* Add tests\r\n\r\n* Update test case\r\n\r\n* Update to getOrderedFeedbackSessionLogs\r\n\r\n* Create skeleton\r\n\r\n* Implement logic and db layer\r\n\r\n* fix lint\r\n\r\n* Update entity\r\n\r\n* Fix tests\r\n\r\n* Update action to use fslDb\r\n\r\n* Fix tests\r\n\r\n* Update DbIT to use databundle\r\n\r\n* Fix bugs and optimize action\r\n\r\n* Prevent courseId from being null\r\n\r\n* Update GCP logs to store ids\r\n\r\n* Fix tests\r\n\r\n* Update action to use reference\r\n\r\n* Add some error handling\r\n\r\n* Fix tests\r\n\r\n* Add ids to api output\r\n\r\n* Fix lint\r\n\r\n* Update cron.yaml\r\n\r\n* Tidy up code\r\n\r\n* Update comments","fileTypesAndContributionMap":{"java":{"insertions":657,"deletions":169}}}]},{"date":"2024-04-09","commitResults":[{"hash":"cfff21db4a28c169de343df4f24198923e250b8e","isMergeCommit":false,"messageTitle":"Remove unused modal (#12998)","messageBody":"","fileTypesAndContributionMap":{"html":{"insertions":0,"deletions":68},"ts":{"insertions":5,"deletions":364}}}]},{"date":"2024-04-11","commitResults":[{"hash":"6de9607e48ecd10b38c87d1b1f42aaa2379d9440","isMergeCommit":false,"messageTitle":"[#11878] Update DeleteAccountRequest to reference by ID (#12997)","messageBody":"* Update to delete by id\r\n\r\n* fix lint\r\n\r\n* fix lint\r\n\r\n* fix frontend lint","fileTypesAndContributionMap":{"java":{"insertions":22,"deletions":21},"ts":{"insertions":5,"deletions":7}}},{"hash":"e0beb08e5c1ef5e726e6f21ba87a2a7213290d26","isMergeCommit":false,"messageTitle":"[#11878] Update ResetAccountRequest to reference by ID (#13002)","messageBody":"* Update reset to reference by id\r\n\r\n* fix comments","fileTypesAndContributionMap":{"java":{"insertions":17,"deletions":16},"ts":{"insertions":5,"deletions":7}}}]},{"date":"2024-04-13","commitResults":[{"hash":"8d506a13d6a11feb0d7129b1c2563e82b7b5527d","isMergeCommit":false,"messageTitle":"[#11843] Update front end for session activity logs (#12973)","messageBody":"* Create FeedbackSessionLog entity\r\n\r\n* fix lint\r\n\r\n* Create UpdateFeedbackSessionLogsAction\r\n\r\n* Sort query results from logging service\r\n\r\n* Update type of feedbackSessionLogType\r\n\r\n* Fix naming\r\n\r\n* Fix enum in entity\r\n\r\n* Update filter to differentiate by session\r\n\r\n* Add Uri Info\r\n\r\n* Add tests\r\n\r\n* Update test case\r\n\r\n* Update to getOrderedFeedbackSessionLogs\r\n\r\n* Create skeleton\r\n\r\n* Implement logic and db layer\r\n\r\n* fix lint\r\n\r\n* Update entity\r\n\r\n* Fix tests\r\n\r\n* Update action to use fslDb\r\n\r\n* Fix tests\r\n\r\n* Update DbIT to use databundle\r\n\r\n* Fix bugs and optimize action\r\n\r\n* Prevent courseId from being null\r\n\r\n* Update GCP logs to store ids\r\n\r\n* Fix tests\r\n\r\n* Update action to use reference\r\n\r\n* Add some error handling\r\n\r\n* Fix tests\r\n\r\n* Add ids to api output\r\n\r\n* Fix lint\r\n\r\n* Update front end\r\n\r\n* Update cron.yaml\r\n\r\n* Update front end\r\n\r\n* Fix result display\r\n\r\n* Tidy up code\r\n\r\n* Update actions to use getUuid\r\n\r\n* Fix formatting\r\n\r\n* Fix bug\r\n\r\n* Add buttons to access page\r\n\r\n* Shift logging\r\n\r\n* fiox bug\r\n\r\n* fix fe tests\r\n\r\n* Fix bug\r\n\r\n* Fix tests\r\n\r\n* Add IT\r\n\r\n* remove email and fsname\r\n\r\n* fix ts lint\r\n\r\n* Fix status message\r\n\r\n* Remove front end error messages\r\n\r\n* Add assertion fortests\r\n\r\n* Fix migrated check\r\n\r\n* Change to use id\r\n\r\n* Update javadoc\r\n\r\n* Change cron job to 15 mins intervals\r\n\r\n* fix tests\r\n\r\n* fix fe bug\r\n\r\n* Add delay note\r\n\r\n* Update to use const\r\n\r\n* Add const\r\n\r\n* fix fe tests","fileTypesAndContributionMap":{"java":{"insertions":440,"deletions":225},"html":{"insertions":15,"deletions":9},"ts":{"insertions":179,"deletions":74}}}]},{"date":"2024-04-16","commitResults":[{"hash":"16f776768a3b4a6e24c2b0673993e4fce1afb8a3","isMergeCommit":false,"messageTitle":"[#11878] Request Page E2E (#13015)","messageBody":"* Add E2E skeleton\r\n\r\n* Fix test and lint\r\n\r\n* Add verifyEmailSent\r\n\r\n* fix fe tests","fileTypesAndContributionMap":{"java":{"insertions":125,"deletions":0},"html":{"insertions":2,"deletions":2}}}]},{"date":"2024-04-17","commitResults":[{"hash":"3915b8c5684bfb77087c9b334468b0960965d6e5","isMergeCommit":false,"messageTitle":"Remove method from logic and db (#13044)","messageBody":"","fileTypesAndContributionMap":{"java":{"insertions":0,"deletions":31}}}]},{"date":"2024-04-18","commitResults":[{"hash":"9a51e2ae1348baac90d5e704a49ecb58d7ca9064","isMergeCommit":false,"messageTitle":"[#11843] Fix front end bugs (#13037)","messageBody":"* Fix notViewedSince\r\n\r\n* Update disclaimer\r\n\r\n* Change disclaimer message\r\n\r\n* Fix view result message\r\n\r\n* Fix not viewed since message","fileTypesAndContributionMap":{"html":{"insertions":2,"deletions":1},"ts":{"insertions":14,"deletions":12}}}]}],"MadLamprey":[],"Tim-Siu":[{"date":"2023-12-22","commitResults":[{"hash":"fdfdded21b473d79468a263a61b32985cce72ed3","isMergeCommit":false,"messageTitle":"[#3942] Instructor\u0027s Student Records Page: Feedback session panel chevron barely visible #12668 (#12673)","messageBody":"* Fix chevron color issue\r\n\r\n* Replace property binding with static value assignation","fileTypesAndContributionMap":{"html":{"insertions":1,"deletions":1}}}]}]},"authorFileTypeContributionMap":{"xenosf":{"java":3735,"js":0,"scss":31,"md":0,"py":0,"tag":0,"html":363,"ts":331},"sopa301":{"java":0,"js":0,"scss":0,"md":0,"py":0,"tag":0,"html":0,"ts":0},"mingyuanc":{"java":851,"js":0,"scss":0,"md":0,"py":0,"tag":0,"html":0,"ts":0},"jingting1412":{"java":0,"js":0,"scss":0,"md":42,"py":0,"tag":0,"html":0,"ts":0},"KevinEyo1":{"java":0,"js":0,"scss":0,"md":0,"py":0,"tag":0,"html":0,"ts":0},"LamJiuFong":{"java":0,"js":0,"scss":0,"md":0,"py":0,"tag":0,"html":0,"ts":0},"yiwen101":{"java":0,"js":0,"scss":0,"md":0,"py":0,"tag":0,"html":0,"ts":0},"jonasongg":{"java":0,"js":0,"scss":0,"md":0,"py":0,"tag":0,"html":0,"ts":0},"domoberzin":{"java":3240,"js":0,"scss":65,"md":0,"py":0,"tag":0,"html":159,"ts":1189},"asdfghjkxd":{"java":0,"js":0,"scss":0,"md":0,"py":0,"tag":0,"html":0,"ts":0},"yuanxi1":{"java":1309,"js":0,"scss":0,"md":0,"py":0,"tag":0,"html":3,"ts":0},"supermii2":{"java":0,"js":0,"scss":0,"md":0,"py":0,"tag":0,"html":0,"ts":0},"marquestye":{"java":856,"js":0,"scss":0,"md":0,"py":0,"tag":0,"html":0,"ts":0},"nknguyenhc":{"java":0,"js":0,"scss":0,"md":0,"py":0,"tag":0,"html":2,"ts":0},"Arif-Khalid":{"java":0,"js":0,"scss":0,"md":0,"py":0,"tag":0,"html":0,"ts":0},"NereusWB922":{"java":0,"js":0,"scss":0,"md":0,"py":0,"tag":0,"html":0,"ts":0},"dishenggg":{"java":3323,"js":0,"scss":0,"md":0,"py":0,"tag":0,"html":17,"ts":197},"MadLamprey":{"java":0,"js":0,"scss":0,"md":0,"py":0,"tag":0,"html":0,"ts":0},"Tim-Siu":{"java":0,"js":0,"scss":0,"md":0,"py":0,"tag":0,"html":1,"ts":0}},"authorContributionVariance":{"xenosf":51741.395,"sopa301":0.0,"mingyuanc":1254.4426,"jingting1412":53.30017,"KevinEyo1":0.0,"LamJiuFong":0.0,"yiwen101":0.0,"jonasongg":0.0,"domoberzin":19219.434,"asdfghjkxd":0.0,"yuanxi1":4913.652,"supermii2":0.0,"marquestye":2573.2632,"nknguyenhc":0.11267049,"Arif-Khalid":0.0,"NereusWB922":0.0,"dishenggg":24196.69,"MadLamprey":0.0,"Tim-Siu":0.028167622},"authorDisplayNameMap":{"xenosf":"XENO..NONG","sopa301":"POON..RYAN","mingyuanc":"CHIN..YUAN","jingting1412":"WANG..TING","KevinEyo1":"EYO ..EVIN","LamJiuFong":"LAM ..FONG","yiwen101":"WANG..IWEN","jonasongg":"JONA.. WEI","domoberzin":"DOMI.. GIN","asdfghjkxd":"GEOR.. YAO","yuanxi1":"ZHU ..ANXI","supermii2":"ALVI..S NG","marquestye":"TYE ..QUES","nknguyenhc":"NGUY..UYEN","Arif-Khalid":"ARIF..ALID","NereusWB922":"NERE.. BIN","dishenggg":"YEO ..HENG","MadLamprey":"MISR..ITYA","Tim-Siu":"XU S..UYAO"}}
