{"authorDailyContributionsMap":{"xenosf":[],"sopa301":[],"mingyuanc":[],"jingting1412":[],"KevinEyo1":[],"LamJiuFong":[],"yiwen101":[],"jonasongg":[],"domoberzin":[],"asdfghjkxd":[],"yuanxi1":[{"date":"2023-12-28","commitResults":[{"hash":"5de8300549d6b06bd21d38f1d258bdcaebc6c443","isMergeCommit":false,"messageTitle":"[#12663] Instructor\u0027s Student Records Page: Tooltips for comments  (#12676)","messageBody":"* Fix comment tooltip causing the text to go into next line\r\n\r\n* Update snapshot test\r\n\r\n---------\r\n\r\nCo-authored-by: YX Z \u003cyxz@YXs-MacBook-Air-2.local\u003e\r\nCo-authored-by: Wei Qing \u003c48304907+weiquu@users.noreply.github.com\u003e\r\nCo-authored-by: Dominic Lim \u003c46486515+domlimm@users.noreply.github.com\u003e\r\nCo-authored-by: Jason Qiu \u003cjason_qiu@hotmail.com\u003e","fileTypesAndContributionMap":{"html":{"insertions":2,"deletions":2}}}]}],"supermii2":[],"marquestye":[],"nknguyenhc":[{"date":"2023-12-25","commitResults":[{"hash":"a64f6605aec32e664527d017f7e2d9946010d4b2","isMergeCommit":false,"messageTitle":"[#12654] Instructor Edit Session Page: Bug in Grace Period Tooltip (#12675)","messageBody":"* Fix grace period tooltip\r\n\r\n* Update test cases\r\n\r\n---------\r\n\r\nCo-authored-by: Wei Qing \u003c48304907+weiquu@users.noreply.github.com\u003e\r\nCo-authored-by: Dominic Lim \u003c46486515+domlimm@users.noreply.github.com\u003e","fileTypesAndContributionMap":{"html":{"insertions":2,"deletions":2}}}]}],"Arif-Khalid":[],"NereusWB922":[],"dishenggg":[],"MadLamprey":[],"Tim-Siu":[{"date":"2023-12-22","commitResults":[{"hash":"fdfdded21b473d79468a263a61b32985cce72ed3","isMergeCommit":false,"messageTitle":"[#3942] Instructor\u0027s Student Records Page: Feedback session panel chevron barely visible #12668 (#12673)","messageBody":"* Fix chevron color issue\r\n\r\n* Replace property binding with static value assignation","fileTypesAndContributionMap":{"html":{"insertions":1,"deletions":1}}}]}]},"authorFileTypeContributionMap":{"xenosf":{"java":0,"js":0,"scss":0,"md":0,"py":0,"tag":0,"html":0,"ts":0},"sopa301":{"java":0,"js":0,"scss":0,"md":0,"py":0,"tag":0,"html":0,"ts":0},"mingyuanc":{"java":0,"js":0,"scss":0,"md":0,"py":0,"tag":0,"html":0,"ts":0},"jingting1412":{"java":0,"js":0,"scss":0,"md":0,"py":0,"tag":0,"html":0,"ts":0},"KevinEyo1":{"java":0,"js":0,"scss":0,"md":0,"py":0,"tag":0,"html":0,"ts":0},"LamJiuFong":{"java":0,"js":0,"scss":0,"md":0,"py":0,"tag":0,"html":0,"ts":0},"yiwen101":{"java":0,"js":0,"scss":0,"md":0,"py":0,"tag":0,"html":0,"ts":0},"jonasongg":{"java":0,"js":0,"scss":0,"md":0,"py":0,"tag":0,"html":0,"ts":0},"domoberzin":{"java":0,"js":0,"scss":0,"md":0,"py":0,"tag":0,"html":0,"ts":0},"asdfghjkxd":{"java":0,"js":0,"scss":0,"md":0,"py":0,"tag":0,"html":0,"ts":0},"yuanxi1":{"java":0,"js":0,"scss":0,"md":0,"py":0,"tag":0,"html":2,"ts":0},"supermii2":{"java":0,"js":0,"scss":0,"md":0,"py":0,"tag":0,"html":0,"ts":0},"marquestye":{"java":0,"js":0,"scss":0,"md":0,"py":0,"tag":0,"html":0,"ts":0},"nknguyenhc":{"java":0,"js":0,"scss":0,"md":0,"py":0,"tag":0,"html":2,"ts":0},"Arif-Khalid":{"java":0,"js":0,"scss":0,"md":0,"py":0,"tag":0,"html":0,"ts":0},"NereusWB922":{"java":0,"js":0,"scss":0,"md":0,"py":0,"tag":0,"html":0,"ts":0},"dishenggg":{"java":0,"js":0,"scss":0,"md":0,"py":0,"tag":0,"html":0,"ts":0},"MadLamprey":{"java":0,"js":0,"scss":0,"md":0,"py":0,"tag":0,"html":0,"ts":0},"Tim-Siu":{"java":0,"js":0,"scss":0,"md":0,"py":0,"tag":0,"html":1,"ts":0}},"authorContributionVariance":{"xenosf":0.0,"sopa301":0.0,"mingyuanc":0.0,"jingting1412":0.0,"KevinEyo1":0.0,"LamJiuFong":0.0,"yiwen101":0.0,"jonasongg":0.0,"domoberzin":0.0,"asdfghjkxd":0.0,"yuanxi1":0.55102044,"supermii2":0.0,"marquestye":0.0,"nknguyenhc":0.5510205,"Arif-Khalid":0.0,"NereusWB922":0.0,"dishenggg":0.0,"MadLamprey":0.0,"Tim-Siu":0.13775513},"authorDisplayNameMap":{"xenosf":"XENO..NONG","sopa301":"POON..RYAN","mingyuanc":"CHIN..YUAN","jingting1412":"WANG..TING","KevinEyo1":"EYO ..EVIN","LamJiuFong":"LAM ..FONG","yiwen101":"WANG..IWEN","jonasongg":"JONA.. WEI","domoberzin":"DOMI.. GIN","asdfghjkxd":"GEOR.. YAO","yuanxi1":"ZHU ..ANXI","supermii2":"ALVI..S NG","marquestye":"TYE ..QUES","nknguyenhc":"NGUY..UYEN","Arif-Khalid":"ARIF..ALID","NereusWB922":"NERE.. BIN","dishenggg":"YEO ..HENG","MadLamprey":"MISR..ITYA","Tim-Siu":"XU S..UYAO"}}
