{"authorDailyContributionsMap":{"xenosf":[],"sopa301":[],"mingyuanc":[],"jingting1412":[],"KevinEyo1":[],"LamJiuFong":[],"yiwen101":[],"jonasongg":[],"domoberzin":[],"asdfghjkxd":[],"yuanxi1":[],"supermii2":[],"marquestye":[],"nknguyenhc":[{"date":"2024-02-06","commitResults":[{"hash":"043311b90c12118a4d9d8468a64e1fc7021ad64d","isMergeCommit":false,"messageTitle":"Fix label filter not working (#230)","messageBody":"Fix label filter not working\r\n\r\nFilters takes the value of `label.formattedName` instead of `label.name`.","fileTypesAndContributionMap":{"html":{"insertions":13,"deletions":5}}}]},{"date":"2024-02-13","commitResults":[{"hash":"64a68624b77c88cee70cd870e2966c1c27b89eb8","isMergeCommit":false,"messageTitle":"Add column of hidden users (#235)","messageBody":"After #192, assignees of a repo without any issues or PRs\r\nare hidden. Now, add the column to display such users\r\nwith 0 PRs and issues.\r\n\r\nCo-authored-by: Gabriel Goh \u003c77230723+gycgabriel@users.noreply.github.com\u003e","fileTypesAndContributionMap":{"css":{"insertions":82,"deletions":0},"html":{"insertions":24,"deletions":0},"ts":{"insertions":44,"deletions":2}}}]},{"date":"2024-02-19","commitResults":[{"hash":"d6dadf4a49a6fc19e2eaa99bb37c7fe89f458a81","isMergeCommit":false,"messageTitle":"Refactor Label model (#254)","messageBody":"Previously, label full names are separated into label name\r\nand label category. However, this is not necessary for WATcher.\r\n\r\nLet\u0027s remove the separation so that filters only make use\r\nof the full name.","fileTypesAndContributionMap":{"html":{"insertions":6,"deletions":14},"ts":{"insertions":6,"deletions":14}}}]}],"Arif-Khalid":[{"date":"2024-01-25","commitResults":[{"hash":"79602d69bd13e2ab8c06ab6d9a6eca8b4a61e8b0","isMergeCommit":false,"messageTitle":"Hide 0 issue columns (#223)","messageBody":"Hide 0 issue columns.\r\n\r\n0 Issue columns are shown.\r\n\r\nHiding issues with 0 columns reduces the clutter on screen, \r\ncreating a better user experience. \r\nIllogical columns such as issues that are unassigned when sorting by\r\npull requests are also removed inherently.\r\n\r\nLet\u0027s add logic to hide the columns when they have no issues \r\nassociated to them.","fileTypesAndContributionMap":{"html":{"insertions":10,"deletions":1},"ts":{"insertions":15,"deletions":2}}}]},{"date":"2024-02-06","commitResults":[{"hash":"cd0d7e9f2a5169307c0c92a89a33e24610381839","isMergeCommit":false,"messageTitle":"Remove unused services (#238)","messageBody":"Couple of unused services copied from CATcher.\r\n\r\nUnused code should be removed to simplify code base \r\nand improve developer experience.\r\n\r\nLet\u0027s remove these unused services.","fileTypesAndContributionMap":{"ts":{"insertions":0,"deletions":359}}}]},{"date":"2024-02-14","commitResults":[{"hash":"5031ee2e33b49d0275892849703b81a1fc028a3d","isMergeCommit":false,"messageTitle":"Remove unused models in WATcher","messageBody":"There are a few of unused models ported from CATcher.\r\n\r\nUnnecessary models contributes to code clutter and hurts understandability\r\nof code base.\r\n\r\nLet\u0027s remove these unused models from WATcher to increase code cleanliness.","fileTypesAndContributionMap":{"ts":{"insertions":0,"deletions":40}}},{"hash":"09ef51d1e360350d0d73a4a66063df59f805d3e2","isMergeCommit":false,"messageTitle":"Remove unused session-fix-confirmation component in WATcher","messageBody":"This is a component only used in CATcher.\r\n\r\nUnnecessary components contributes to code clutter and hurts understandability\r\nof code base.\r\n\r\nLet\u0027s remove this unused component from WATcher to increase code cleanliness.","fileTypesAndContributionMap":{"css":{"insertions":0,"deletions":0},"html":{"insertions":0,"deletions":9},"ts":{"insertions":1,"deletions":27}}}]}],"NereusWB922":[{"date":"2024-02-06","commitResults":[{"hash":"552868032ec6a8340d1f8c8d662ad22189d134f1","isMergeCommit":false,"messageTitle":"Improve activity dashboard design (#233)","messageBody":"Improve activity dashboard design\r\n\r\nThe ID column in the event table is not useful for the user.\r\n\r\nThe design of the dashboard is too simple. The event table\u0027s height is\r\nnot fixed, and the expanded event details might cause the table to be\r\ntoo long, which is very inconvenient.\r\n\r\nTo address this, let\u0027s hide the ID column, add some information about\r\nthe actor, fix the event table height and make it scrollable, and\r\nimplement a dialog to display event details.","fileTypesAndContributionMap":{"css":{"insertions":129,"deletions":10},"html":{"insertions":72,"deletions":67},"ts":{"insertions":48,"deletions":18}}}]},{"date":"2024-02-08","commitResults":[{"hash":"a6efcb9a2fa9bcd321c37a824e4d2aafa8d07a81","isMergeCommit":false,"messageTitle":"Refactor test cases","messageBody":"The test cases for the Login Component and Session Model are outdated. \r\n\r\nAdditionally, the Conflict Model has been removed. \r\n\r\nLet\u0027s refactor the test cases for the Login Component and Session Model \r\nand remove the test cases for the Conflict Model.\r\n","fileTypesAndContributionMap":{"ts":{"insertions":86,"deletions":106}}},{"hash":"339b319aaa87913d2109774f1fc6826d37992172","isMergeCommit":false,"messageTitle":"Refactor test cases for issue paginator","messageBody":"The test cases for the issue paginator are outdated. \r\n\r\nLet\u0027s refactor the test cases for the issue paginator.","fileTypesAndContributionMap":{"ts":{"insertions":4,"deletions":9}}},{"hash":"6dc82ffeb34973054ecfb3a10ea107f2c653c7cc","isMergeCommit":false,"messageTitle":"Refactor test cases for issue sorter","messageBody":"The test cases for the issue sorter are outdated. \r\n\r\nLet\u0027s refactor the test cases for the issue sorter.","fileTypesAndContributionMap":{"ts":{"insertions":57,"deletions":15}}},{"hash":"aefd63e82bad15390696d3aa88c9cbe93cdecaf4","isMergeCommit":false,"messageTitle":"Refactor github label constants","messageBody":"GithubLabel model\u0027s properties have been changed.\r\n\r\nLet\u0027s refactor the github label constants.","fileTypesAndContributionMap":{"ts":{"insertions":13,"deletions":29}}},{"hash":"bb4cb781ae5ba81e77cd83d789277530d37aaea6","isMergeCommit":false,"messageTitle":"Refactor test cases for search filter","messageBody":"The test cases for the search filter are outdated. \r\n\r\nLet\u0027s refactor the test cases for the search filter.","fileTypesAndContributionMap":{"ts":{"insertions":9,"deletions":48}}}]}],"dishenggg":[],"MadLamprey":[{"date":"2024-01-27","commitResults":[{"hash":"bb4a7f4063c0aa33b80188a83bfc610fe147950a","isMergeCommit":false,"messageTitle":"Prevent redirection when repo not set (#228)","messageBody":"Co-authored-by: Misra Aditya \u003ce1096355@u.nus.edu\u003e","fileTypesAndContributionMap":{"html":{"insertions":4,"deletions":1}}}]}],"Tim-Siu":[]},"authorFileTypeContributionMap":{"xenosf":{"js":0,"css":0,"html":0,"ts":0},"sopa301":{"js":0,"css":0,"html":0,"ts":0},"mingyuanc":{"js":0,"css":0,"html":0,"ts":0},"jingting1412":{"js":0,"css":0,"html":0,"ts":0},"KevinEyo1":{"js":0,"css":0,"html":0,"ts":0},"LamJiuFong":{"js":0,"css":0,"html":0,"ts":0},"yiwen101":{"js":0,"css":0,"html":0,"ts":0},"jonasongg":{"js":0,"css":0,"html":0,"ts":0},"domoberzin":{"js":0,"css":0,"html":0,"ts":0},"asdfghjkxd":{"js":0,"css":0,"html":0,"ts":0},"yuanxi1":{"js":0,"css":0,"html":0,"ts":0},"supermii2":{"js":0,"css":0,"html":0,"ts":0},"marquestye":{"js":0,"css":0,"html":0,"ts":0},"nknguyenhc":{"js":0,"css":82,"html":25,"ts":50},"Arif-Khalid":{"js":0,"css":0,"html":10,"ts":15},"NereusWB922":{"js":0,"css":129,"html":36,"ts":215},"dishenggg":{"js":0,"css":0,"html":0,"ts":0},"MadLamprey":{"js":0,"css":0,"html":4,"ts":0},"Tim-Siu":{"js":0,"css":0,"html":0,"ts":0}},"authorContributionVariance":{"xenosf":0.0,"sopa301":0.0,"mingyuanc":0.0,"jingting1412":0.0,"KevinEyo1":0.0,"LamJiuFong":0.0,"yiwen101":0.0,"jonasongg":0.0,"domoberzin":0.0,"asdfghjkxd":0.0,"yuanxi1":0.0,"supermii2":0.0,"marquestye":0.0,"nknguyenhc":302.26608,"Arif-Khalid":1641.1852,"NereusWB922":3127.3093,"dishenggg":0.0,"MadLamprey":0.3048317,"Tim-Siu":0.0},"authorDisplayNameMap":{"xenosf":"XENO..NONG","sopa301":"POON..RYAN","mingyuanc":"CHIN..YUAN","jingting1412":"WANG..TING","KevinEyo1":"EYO ..EVIN","LamJiuFong":"LAM ..FONG","yiwen101":"WANG..IWEN","jonasongg":"JONA.. WEI","domoberzin":"DOMI.. GIN","asdfghjkxd":"GEOR.. YAO","yuanxi1":"ZHU ..ANXI","supermii2":"ALVI..S NG","marquestye":"TYE ..QUES","nknguyenhc":"NGUY..UYEN","Arif-Khalid":"ARIF..ALID","NereusWB922":"NERE.. BIN","dishenggg":"YEO ..HENG","MadLamprey":"MISR..ITYA","Tim-Siu":"XU S..UYAO"}}
