{"authorDailyContributionsMap":{"xenosf":[],"sopa301":[],"mingyuanc":[],"jingting1412":[],"KevinEyo1":[],"LamJiuFong":[],"yiwen101":[],"jonasongg":[],"domoberzin":[],"asdfghjkxd":[],"yuanxi1":[],"supermii2":[],"marquestye":[],"nknguyenhc":[{"date":"2024-02-06","commitResults":[{"hash":"043311b90c12118a4d9d8468a64e1fc7021ad64d","isMergeCommit":false,"messageTitle":"Fix label filter not working (#230)","messageBody":"Fix label filter not working\r\n\r\nFilters takes the value of `label.formattedName` instead of `label.name`.","fileTypesAndContributionMap":{"html":{"insertions":13,"deletions":5}}}]},{"date":"2024-02-13","commitResults":[{"hash":"64a68624b77c88cee70cd870e2966c1c27b89eb8","isMergeCommit":false,"messageTitle":"Add column of hidden users (#235)","messageBody":"After #192, assignees of a repo without any issues or PRs\r\nare hidden. Now, add the column to display such users\r\nwith 0 PRs and issues.\r\n\r\nCo-authored-by: Gabriel Goh \u003c77230723+gycgabriel@users.noreply.github.com\u003e","fileTypesAndContributionMap":{"css":{"insertions":82,"deletions":0},"html":{"insertions":24,"deletions":0},"ts":{"insertions":44,"deletions":2}}}]},{"date":"2024-02-19","commitResults":[{"hash":"d6dadf4a49a6fc19e2eaa99bb37c7fe89f458a81","isMergeCommit":false,"messageTitle":"Refactor Label model (#254)","messageBody":"Previously, label full names are separated into label name\r\nand label category. However, this is not necessary for WATcher.\r\n\r\nLet\u0027s remove the separation so that filters only make use\r\nof the full name.","fileTypesAndContributionMap":{"html":{"insertions":6,"deletions":14},"ts":{"insertions":6,"deletions":14}}}]},{"date":"2024-02-26","commitResults":[{"hash":"3db1c8aa33942114acfd55af87da3d7c8d751390","isMergeCommit":false,"messageTitle":"Add shareable repo-specific URL (#255)","messageBody":"Previously, URLs are fixed upon repo change, hence URLs are not shareable.\r\n\r\nLet\u0027s make the current repo visible in the URL, so that it shareable.\r\n\r\nFurthermore, login is automated when there is such next route to be redirected to.","fileTypesAndContributionMap":{"ts":{"insertions":163,"deletions":9}}}]},{"date":"2024-03-21","commitResults":[{"hash":"6fb348ea31d05320af1ecc2e7c83dcfecf95e2f7","isMergeCommit":false,"messageTitle":"Hide redundant column pagination (#309)","messageBody":"Column pagination arrows cause unnecessary clogs\r\nif they are disabled.\r\n\r\nWe hide arrows on columns that only has one page.","fileTypesAndContributionMap":{"css":{"insertions":12,"deletions":0},"html":{"insertions":6,"deletions":1},"ts":{"insertions":8,"deletions":2}}}]},{"date":"2024-03-22","commitResults":[{"hash":"e3d4a3464879414ab4724dde0f9b4cc24aebf7df","isMergeCommit":false,"messageTitle":"Three-state labels (#282)","messageBody":"Previously, each label only has 2 states, either selected or\r\nnot selected. However, with such design,\r\nthe feature of hiding labels can be confused\r\nwith hiding issues/PRs with the label.\r\n\r\nWe implement the three-state label filters,\r\nso that each label can also be used to hide\r\nissues/PRs with the label.","fileTypesAndContributionMap":{"css":{"insertions":20,"deletions":5},"html":{"insertions":22,"deletions":26},"ts":{"insertions":48,"deletions":36}}}]},{"date":"2024-03-25","commitResults":[{"hash":"a65bb59578c4157be05f3c38fd712e411e43a155","isMergeCommit":false,"messageTitle":"Status filter checkboxes (#310)","messageBody":"We implement checkboxes for status, so that\r\nmultiple types of PRs/issues can be viewed concurrently.","fileTypesAndContributionMap":{"html":{"insertions":6,"deletions":5},"ts":{"insertions":39,"deletions":39}}}]}],"Arif-Khalid":[{"date":"2024-01-25","commitResults":[{"hash":"79602d69bd13e2ab8c06ab6d9a6eca8b4a61e8b0","isMergeCommit":false,"messageTitle":"Hide 0 issue columns (#223)","messageBody":"Hide 0 issue columns.\r\n\r\n0 Issue columns are shown.\r\n\r\nHiding issues with 0 columns reduces the clutter on screen, \r\ncreating a better user experience. \r\nIllogical columns such as issues that are unassigned when sorting by\r\npull requests are also removed inherently.\r\n\r\nLet\u0027s add logic to hide the columns when they have no issues \r\nassociated to them.","fileTypesAndContributionMap":{"html":{"insertions":10,"deletions":1},"ts":{"insertions":15,"deletions":2}}}]},{"date":"2024-02-06","commitResults":[{"hash":"cd0d7e9f2a5169307c0c92a89a33e24610381839","isMergeCommit":false,"messageTitle":"Remove unused services (#238)","messageBody":"Couple of unused services copied from CATcher.\r\n\r\nUnused code should be removed to simplify code base \r\nand improve developer experience.\r\n\r\nLet\u0027s remove these unused services.","fileTypesAndContributionMap":{"ts":{"insertions":0,"deletions":359}}}]},{"date":"2024-02-14","commitResults":[{"hash":"5031ee2e33b49d0275892849703b81a1fc028a3d","isMergeCommit":false,"messageTitle":"Remove unused models in WATcher","messageBody":"There are a few of unused models ported from CATcher.\r\n\r\nUnnecessary models contributes to code clutter and hurts understandability\r\nof code base.\r\n\r\nLet\u0027s remove these unused models from WATcher to increase code cleanliness.","fileTypesAndContributionMap":{"ts":{"insertions":0,"deletions":40}}},{"hash":"09ef51d1e360350d0d73a4a66063df59f805d3e2","isMergeCommit":false,"messageTitle":"Remove unused session-fix-confirmation component in WATcher","messageBody":"This is a component only used in CATcher.\r\n\r\nUnnecessary components contributes to code clutter and hurts understandability\r\nof code base.\r\n\r\nLet\u0027s remove this unused component from WATcher to increase code cleanliness.","fileTypesAndContributionMap":{"css":{"insertions":0,"deletions":0},"html":{"insertions":0,"deletions":9},"ts":{"insertions":1,"deletions":27}}}]},{"date":"2024-02-22","commitResults":[{"hash":"7dbc28230cf4e6d2aa3d95448a0e247b03a5fcee","isMergeCommit":false,"messageTitle":"Refactor certain filters into its own service (#259)","messageBody":"Filters are observed, subscribed and emitted in many different \r\ncomponents.\r\n\r\nThis makes the code base hard to understand\r\nand adapt for filtering in future components.\r\n\r\nLet\u0027s refactor the filters into its own centralised service.","fileTypesAndContributionMap":{"html":{"insertions":3,"deletions":3},"ts":{"insertions":73,"deletions":35}}}]},{"date":"2024-02-28","commitResults":[{"hash":"ad94663e1ac524b83b022a622544181209881c1f","isMergeCommit":false,"messageTitle":"Refactor sorting (#261)","messageBody":"MatSort is passed by reference into IssueDataTables,\r\nlifted up from filter-bar component. Changes to \r\nMatSort are detected and handled in IssueDataTables.\r\n\r\nMatSort reference in IssueDataTables performs the \r\nresponsibility of a dropdown filter outside of the \r\nfilters service.\r\nThis violates good programming practices.\r\n\r\nLet\u0027s refactor the sort filter into the filters service.","fileTypesAndContributionMap":{"html":{"insertions":8,"deletions":5},"ts":{"insertions":19,"deletions":40}}},{"hash":"ac150e0c2c69d668481bd6594339618a59ebde7c","isMergeCommit":false,"messageTitle":"Refactor milestone filters (#264)","messageBody":"","fileTypesAndContributionMap":{"html":{"insertions":2,"deletions":2}}}]},{"date":"2024-03-04","commitResults":[{"hash":"06260a9f2baada4cff35e536143ce6adae1d2c42","isMergeCommit":false,"messageTitle":"Refactor title filter (#265)","messageBody":"Title filter is handled outside of filters service\r\n\r\nThis violates the responsibility of the filters service\r\n\r\nLet\u0027s refactor the search filter to use the filters service","fileTypesAndContributionMap":{"html":{"insertions":7,"deletions":7},"ts":{"insertions":61,"deletions":83}}}]},{"date":"2024-03-12","commitResults":[{"hash":"f6a8f236d9d0b0dde9f0f97db3997e983b2b85a1","isMergeCommit":false,"messageTitle":"Refactor milestones to save by name (#289)","messageBody":"We store milestones by number.\r\n\r\nThis works when filters are confined to one repo, but\r\ndoesn\u0027t make sense when saving filters across repos.\r\n\r\nLet\u0027s refactor the milestones to save by title instead\r\nof number","fileTypesAndContributionMap":{"html":{"insertions":1,"deletions":1},"ts":{"insertions":5,"deletions":7}}}]},{"date":"2024-03-20","commitResults":[{"hash":"8817ca32edd30d76509d0f3134c3d47b90a42d92","isMergeCommit":false,"messageTitle":"Keep filters when switching repos (#281)","messageBody":"No way to keep filters when changing repos.\r\n\r\nAn option to keep the common filters will be useful for anyone\r\nmanaging multiple repositories without the hassle of reapplying \r\nthe same filters.\r\n\r\nLet\u0027s add a checkbox to the change repo dialog allowing \r\nusers to keep their filters.","fileTypesAndContributionMap":{"css":{"insertions":5,"deletions":0},"html":{"insertions":11,"deletions":3},"ts":{"insertions":89,"deletions":41}}}]},{"date":"2024-03-27","commitResults":[{"hash":"b226977751a2300b470958e5fa248edcbeb4922a","isMergeCommit":false,"messageTitle":"Keep milestones when switching repo (#311)","messageBody":"Milestones are not saved even when filters are kept.\r\n\r\nThis is inconsistent with the meaning of keeping filters.\r\n\r\nLet\u0027s implement keeping milestones across repos.","fileTypesAndContributionMap":{"ts":{"insertions":32,"deletions":1}}}]}],"NereusWB922":[{"date":"2024-02-06","commitResults":[{"hash":"552868032ec6a8340d1f8c8d662ad22189d134f1","isMergeCommit":false,"messageTitle":"Improve activity dashboard design (#233)","messageBody":"Improve activity dashboard design\r\n\r\nThe ID column in the event table is not useful for the user.\r\n\r\nThe design of the dashboard is too simple. The event table\u0027s height is\r\nnot fixed, and the expanded event details might cause the table to be\r\ntoo long, which is very inconvenient.\r\n\r\nTo address this, let\u0027s hide the ID column, add some information about\r\nthe actor, fix the event table height and make it scrollable, and\r\nimplement a dialog to display event details.","fileTypesAndContributionMap":{"css":{"insertions":129,"deletions":10},"html":{"insertions":72,"deletions":67},"ts":{"insertions":48,"deletions":18}}}]},{"date":"2024-02-08","commitResults":[{"hash":"a6efcb9a2fa9bcd321c37a824e4d2aafa8d07a81","isMergeCommit":false,"messageTitle":"Refactor test cases","messageBody":"The test cases for the Login Component and Session Model are outdated. \r\n\r\nAdditionally, the Conflict Model has been removed. \r\n\r\nLet\u0027s refactor the test cases for the Login Component and Session Model \r\nand remove the test cases for the Conflict Model.\r\n","fileTypesAndContributionMap":{"ts":{"insertions":86,"deletions":106}}},{"hash":"339b319aaa87913d2109774f1fc6826d37992172","isMergeCommit":false,"messageTitle":"Refactor test cases for issue paginator","messageBody":"The test cases for the issue paginator are outdated. \r\n\r\nLet\u0027s refactor the test cases for the issue paginator.","fileTypesAndContributionMap":{"ts":{"insertions":4,"deletions":9}}},{"hash":"6dc82ffeb34973054ecfb3a10ea107f2c653c7cc","isMergeCommit":false,"messageTitle":"Refactor test cases for issue sorter","messageBody":"The test cases for the issue sorter are outdated. \r\n\r\nLet\u0027s refactor the test cases for the issue sorter.","fileTypesAndContributionMap":{"ts":{"insertions":57,"deletions":15}}},{"hash":"aefd63e82bad15390696d3aa88c9cbe93cdecaf4","isMergeCommit":false,"messageTitle":"Refactor github label constants","messageBody":"GithubLabel model\u0027s properties have been changed.\r\n\r\nLet\u0027s refactor the github label constants.","fileTypesAndContributionMap":{"ts":{"insertions":13,"deletions":29}}},{"hash":"bb4cb781ae5ba81e77cd83d789277530d37aaea6","isMergeCommit":false,"messageTitle":"Refactor test cases for search filter","messageBody":"The test cases for the search filter are outdated. \r\n\r\nLet\u0027s refactor the test cases for the search filter.","fileTypesAndContributionMap":{"ts":{"insertions":9,"deletions":48}}}]},{"date":"2024-02-22","commitResults":[{"hash":"ba39c0647b5d9064fc9ccd0c4714d2eb03c9e862","isMergeCommit":false,"messageTitle":"Remove test cases for permissions service","messageBody":"The permission service has been removed. \r\n\r\nLet\u0027s remove the test cases for the permission service.","fileTypesAndContributionMap":{"ts":{"insertions":0,"deletions":74}}}]},{"date":"2024-02-26","commitResults":[{"hash":"70c883ae370d033a6ceb5edb4e42aa39e8df2b60","isMergeCommit":false,"messageTitle":"Remove constants for DataFile and Team model","messageBody":"DataFile and Team model are removed.\r\n\r\nLet\u0027s remove the constants of these models.","fileTypesAndContributionMap":{"ts":{"insertions":4,"deletions":44}}},{"hash":"2c36a3846be3987bf96ec5e482e05b96a69a1f57","isMergeCommit":false,"messageTitle":"Refactor test cases for label service","messageBody":"The test cases for the label service are outdated. \r\n\r\nLet\u0027s refactor the test cases for the label service and\r\nadd test case for fetchLabels method.","fileTypesAndContributionMap":{"ts":{"insertions":74,"deletions":241}}}]},{"date":"2024-03-02","commitResults":[{"hash":"121795c9f92a508d69c0d3490f92e161c5017eee","isMergeCommit":false,"messageTitle":"Refactor test cases for issue model","messageBody":"The GithubIssue constants and the test cases\r\nfor the issue model are outdated. \r\n\r\nLet\u0027s refactor the GithubIssue constants and the\r\ntest cases for the issue model.","fileTypesAndContributionMap":{"ts":{"insertions":133,"deletions":210}}},{"hash":"dfa05628791716d3341e4ac0f96699dca2f5362f","isMergeCommit":false,"messageTitle":"Refactor test cases for phase service","messageBody":"The test cases for the phase service are outdated. \r\n\r\nLet\u0027s refactor old test cases and add test cases for new methods.","fileTypesAndContributionMap":{"ts":{"insertions":126,"deletions":39}}}]},{"date":"2024-03-04","commitResults":[{"hash":"518ea791f4f838009c79aabed6db12d94d9ebce5","isMergeCommit":false,"messageTitle":"Fix zone testing import error (#269)","messageBody":"Npm run test will break if the import statement \r\nfor zone-testing is not at the top of test.ts file. \r\n\r\nLet\u0027s reorder the import statement and disable\r\ntslint rule for test.ts file.","fileTypesAndContributionMap":{"ts":{"insertions":4,"deletions":1}}},{"hash":"00f64fbecc6030c83f2fda114bb2a6a09e15dad2","isMergeCommit":false,"messageTitle":"Refactor test cases for issue sorter (#270)","messageBody":"The method in issue sorter has been updated.\r\n\r\nLet\u0027s refactor the test cases to match the changes.","fileTypesAndContributionMap":{"ts":{"insertions":11,"deletions":11}}},{"hash":"48b63155ba859ba7362b118740c4e40cb7785c7c","isMergeCommit":false,"messageTitle":"Refactor test cases for user service (#271)","messageBody":"The test cases for the user service are outdated. \r\n\r\nLet\u0027s refactor test cases for user service.","fileTypesAndContributionMap":{"ts":{"insertions":23,"deletions":50}}},{"hash":"8c36423a20ad868f665ef65e30d1c73cf1b2428a","isMergeCommit":false,"messageTitle":"Refactor test cases for label filter bar component (#274)","messageBody":"The test cases for the label filter bar component are outdated. \r\n\r\nLet\u0027s refactor test cases for label filter bar component","fileTypesAndContributionMap":{"ts":{"insertions":151,"deletions":60}}}]},{"date":"2024-03-08","commitResults":[{"hash":"f435ca142f7d92bcbe8651e8f4c437f13c833a50","isMergeCommit":false,"messageTitle":"Update test cases for phase service (#275)","messageBody":"Refactor and add test cases for phase service\r\n\r\nPhase service has been updated. \r\n\r\nLet\u0027s refactor and add test cases to match the changes.","fileTypesAndContributionMap":{"ts":{"insertions":71,"deletions":27}}}]},{"date":"2024-03-20","commitResults":[{"hash":"663dec3e90481c31c1411b2cd3f1829795c686f2","isMergeCommit":false,"messageTitle":"Refactor Phase Service and remove Phase (#291)","messageBody":"The concept of \"Phase\" is inherited from CATcher. Instead of \"Phase\", \r\nWATcher provides different \"Views\" of contributions in a repository.\r\n\r\nLet\u0027s replace \"Phase\" with \"View\".","fileTypesAndContributionMap":{"html":{"insertions":14,"deletions":17},"ts":{"insertions":189,"deletions":199}}}]},{"date":"2024-03-22","commitResults":[{"hash":"caadd668b7142b6efcd99080c87ac7855fc76b25","isMergeCommit":false,"messageTitle":"Setup grouping strategy and service (#308)","messageBody":"Implement GroupBy feature to allow users to group the issues/prs\r\nbased on different criteria such as milestone, status and etc.\r\n\r\nLet\u0027s set up the Grouping Strategy and Service.","fileTypesAndContributionMap":{"ts":{"insertions":259,"deletions":4}}}]},{"date":"2024-03-25","commitResults":[{"hash":"3420a738482dfb852ca23a69849b74c9c378be0e","isMergeCommit":false,"messageTitle":"Integrate Grouping Service (#313)","messageBody":"Implement GroupBy feature to allow users to group the issues/prs\r\nbased on different criteria such as milestone, status and etc.\r\n\r\nLet\u0027s integrate the grouping service in the components.","fileTypesAndContributionMap":{"css":{"insertions":2,"deletions":2},"html":{"insertions":79,"deletions":53},"ts":{"insertions":103,"deletions":58}}}]}],"dishenggg":[],"MadLamprey":[{"date":"2024-01-27","commitResults":[{"hash":"bb4a7f4063c0aa33b80188a83bfc610fe147950a","isMergeCommit":false,"messageTitle":"Prevent redirection when repo not set (#228)","messageBody":"Co-authored-by: Misra Aditya \u003ce1096355@u.nus.edu\u003e","fileTypesAndContributionMap":{"html":{"insertions":4,"deletions":1}}}]},{"date":"2024-02-29","commitResults":[{"hash":"db460275c3952308858654140b7ccdbe93b33a12","isMergeCommit":false,"messageTitle":"Upgrade to Angular 11 (#252)","messageBody":"Co-authored-by: Misra Aditya \u003ce1096355@u.nus.edu\u003e\r\nCo-authored-by: Chee Hong \u003cc.h.wong2606@gmail.com\u003e","fileTypesAndContributionMap":{"ts":{"insertions":17,"deletions":13}}}]},{"date":"2024-03-12","commitResults":[{"hash":"7e68bbdaeceb5bdfcc8c09e0f3f7cbd9bd3000f4","isMergeCommit":false,"messageTitle":"Remove sorting by assignees in Issue Sorter (#286)","messageBody":"Co-authored-by: Misra Aditya \u003ce1096355@u.nus.edu\u003e","fileTypesAndContributionMap":{"ts":{"insertions":9,"deletions":24}}}]},{"date":"2024-03-21","commitResults":[{"hash":"63ed6a2329d9343bdf18afc39b44653809e3370a","isMergeCommit":false,"messageTitle":"Add tool tip for hidden users (#307)","messageBody":"Currently, there is no tool tip for the Hidden Users mat-card.\r\nIt is not immediately obvious what the column is referring to.\r\n\r\nLet\u0027s add a tool tip to make it more explanatory.\r\n\r\nCo-authored-by: Misra Aditya \u003ce1096355@u.nus.edu\u003e","fileTypesAndContributionMap":{"html":{"insertions":1,"deletions":1}}}]},{"date":"2024-03-25","commitResults":[{"hash":"43ea689bd406857d7dae518ab089bf4d3029b564","isMergeCommit":false,"messageTitle":"Create tests for Error Handling service (#304)","messageBody":"Co-authored-by: Misra Aditya \u003ce1096355@u.nus.edu\u003e","fileTypesAndContributionMap":{"ts":{"insertions":101,"deletions":0}}},{"hash":"1fa6138cd5d66d33203fcab810011e9eaefab9c9","isMergeCommit":false,"messageTitle":"Create tests for Milestone service (#303)","messageBody":"Co-authored-by: Misra Aditya \u003ce1096355@u.nus.edu\u003e","fileTypesAndContributionMap":{"ts":{"insertions":55,"deletions":0}}}]}],"Tim-Siu":[]},"authorFileTypeContributionMap":{"xenosf":{"js":0,"css":0,"html":0,"ts":0},"sopa301":{"js":0,"css":0,"html":0,"ts":0},"mingyuanc":{"js":0,"css":0,"html":0,"ts":0},"jingting1412":{"js":0,"css":0,"html":0,"ts":0},"KevinEyo1":{"js":0,"css":0,"html":0,"ts":0},"LamJiuFong":{"js":0,"css":0,"html":0,"ts":0},"yiwen101":{"js":0,"css":0,"html":0,"ts":0},"jonasongg":{"js":0,"css":0,"html":0,"ts":0},"domoberzin":{"js":0,"css":0,"html":0,"ts":0},"asdfghjkxd":{"js":0,"css":0,"html":0,"ts":0},"yuanxi1":{"js":0,"css":0,"html":0,"ts":0},"supermii2":{"js":0,"css":0,"html":0,"ts":0},"marquestye":{"js":0,"css":0,"html":0,"ts":0},"nknguyenhc":{"js":0,"css":113,"html":24,"ts":254},"Arif-Khalid":{"js":0,"css":5,"html":26,"ts":197},"NereusWB922":{"js":0,"css":131,"html":113,"ts":1241},"dishenggg":{"js":0,"css":0,"html":0,"ts":0},"MadLamprey":{"js":0,"css":0,"html":0,"ts":176},"Tim-Siu":{"js":0,"css":0,"html":0,"ts":0}},"authorContributionVariance":{"xenosf":0.0,"sopa301":0.0,"mingyuanc":0.0,"jingting1412":0.0,"KevinEyo1":0.0,"LamJiuFong":0.0,"yiwen101":0.0,"jonasongg":0.0,"domoberzin":0.0,"asdfghjkxd":0.0,"yuanxi1":0.0,"supermii2":0.0,"marquestye":0.0,"nknguyenhc":714.9571,"Arif-Khalid":1645.8063,"NereusWB922":8604.19,"dishenggg":0.0,"MadLamprey":219.67078,"Tim-Siu":0.0},"authorDisplayNameMap":{"xenosf":"XENO..NONG","sopa301":"POON..RYAN","mingyuanc":"CHIN..YUAN","jingting1412":"WANG..TING","KevinEyo1":"EYO ..EVIN","LamJiuFong":"LAM ..FONG","yiwen101":"WANG..IWEN","jonasongg":"JONA.. WEI","domoberzin":"DOMI.. GIN","asdfghjkxd":"GEOR.. YAO","yuanxi1":"ZHU ..ANXI","supermii2":"ALVI..S NG","marquestye":"TYE ..QUES","nknguyenhc":"NGUY..UYEN","Arif-Khalid":"ARIF..ALID","NereusWB922":"NERE.. BIN","dishenggg":"YEO ..HENG","MadLamprey":"MISR..ITYA","Tim-Siu":"XU S..UYAO"}}
